fake_1,fake_2,fake_3,fake_4,fake_5
0.0006859135695451736,0.00042027263651418686,0.0005269790571348667,0.0016713576220489979,0.002415691647816372
0.001716543612694168,0.0010506179289035797,0.000990700149925232,0.004164879567972565,0.004522736279059124
0.001496726008569622,0.0009164469943456651,0.0009628998134450913,0.0036349508837379457,0.004395651164043618
0.0015258631386512757,0.0009343738512210847,0.0009107772056179046,0.003705668331734085,0.004152997212994766
0.0021123492547029496,0.0012932308868579864,0.0010773111377077103,0.0051300325409091956,0.00492305109440155
0.0017947758354896546,0.001098368580739975,0.0014636183921413423,0.004354667122713471,0.006679014574874116
0.0017875964947694778,0.0010943959609680176,0.0013937856499271393,0.004339691771618271,0.006366895487297249
0.0017980500050539016,0.0011007580713443756,0.001237660164030075,0.004364670313946151,0.00564940672754116
0.001784404832934761,0.0010922628895454407,0.0012303004507141114,0.004330440433374787,0.00561665723263092
0.0013396040566915513,0.0008204078630619049,0.0008199591729955673,0.0032543958828367236,0.003743128573287201
0.0012739528023356437,0.0007802511707954408,0.000691050598414421,0.0030958809793509485,0.003155900009859276
0.0012398101546520232,0.0007592022226266861,0.0007786201182918549,0.0030120084092535022,0.003552876223016453
0.0011269448377841948,0.0006901012317352295,0.0015273476783351897,0.0027377054855741503,0.006976565810430718
0.0009615258210057258,0.0005888422981910706,0.0019623512868003844,0.002336184248379612,0.00897071162997551
0.0009476538986617565,0.0005799880356602669,0.0015000047031955717,0.0023006421715535165,0.006849229391802025
0.0009714749389046669,0.0005945812867097854,0.000823281491191864,0.002357109345547104,0.0037542247199899674
0.0008785779528969763,0.0005376242653541565,0.0008757591787891388,0.0021314999856568814,0.003989179103959274
0.0011184109099859237,0.0006841682300977707,0.0008816352728919982,0.0027111687988556864,0.0040081293561942104
0.0009529888995641709,0.0005833740786724091,0.0007577649597244262,0.0023138661839581967,0.0034563319483286855
0.0010047821410650254,0.000615464116733551,0.0007548839543180465,0.0024427287325777054,0.003448703628171158
0.0010438778080696105,0.0006394387290887833,0.0006939045135097503,0.0025386454910553934,0.0031721859538442615
0.0008224140287095546,0.0005034796551876068,0.0005291749928312301,0.001997090304694319,0.002417089026559067
0.0011056546308750152,0.0006767634556703567,0.0005307760145680904,0.0026822871819652556,0.002423705803740692
0.0010253265657180785,0.0006281272725276947,0.0007310885358767509,0.0024941288784660343,0.0033409124450273038
0.0010865234979146956,0.0006656091765575409,0.0006667882073836326,0.0026424937665976526,0.0030481423066443924
0.0010451893889063834,0.000640353317659378,0.0007158773932771683,0.0025430670604623794,0.0032750812077409746
0.0009742070399874688,0.0005966197208576203,0.0008790686670856476,0.0023680947334088326,0.004021024436641407
0.0009981125228756904,0.0006111890778951645,0.0009605703596191406,0.0024240597263492586,0.0043844815248138425
0.0013988633715266228,0.0008561848656349182,0.001354761565120697,0.003394336293689156,0.006183652895081711
0.0023385728903764723,0.0014315845028572082,0.0016071594897823335,0.005680713786236191,0.0073464577817804345
0.0028478957333320613,0.0017436811582260132,0.0014090150538997649,0.00692109460388794,0.006440815495837403
0.0025739036270135875,0.001575554575126648,0.0016462913993911745,0.006252923561684037,0.007516720368850899
0.001690218973969841,0.0010347976342849731,0.0015715620163993835,0.004103510277024651,0.007176004522431565
0.0023031855442279814,0.0014104887501411438,0.0013994882051067354,0.005596386380545044,0.006400368067014885
0.0020290097304338454,0.0012421994463615417,0.0013824723605232237,0.004925371773592377,0.006310315632212829
0.0030356555797809597,0.0018589199439697267,0.0013772769216613768,0.007376725317589188,0.006297291939843368
0.0022153498598093033,0.0013562398211174013,0.0015997244958000185,0.005379170732251549,0.007305959316480827
0.003059076092457199,0.0018734267608337403,0.0012247091178016662,0.007437029601684952,0.005605054395783615
0.0028272947945350646,0.0017308945314102172,0.0019814573768692015,0.006864569445005799,0.00904648814140625
0.0022853054620975495,0.0013985923484973908,0.002108473563583374,0.005545127739063645,0.00961317595182724
0.002564053226327324,0.0015704384402446747,0.0012195953075008392,0.006234895403734589,0.005586868261683655
0.002512698663091087,0.0015383018211536407,0.001650178009660721,0.006103693865291024,0.0075378384464866634
0.0022342777170890806,0.001367575194042206,0.002568711841495514,0.005413639290682221,0.01171831386028595
0.0032160864033454893,0.0019693268195800783,0.002632677698524475,0.007799803634039307,0.012039561944592667
0.0038202544369453427,0.002338808979194641,0.0015032358709888456,0.00926856050645485,0.006869829347122384
0.003061663184379959,0.0018748976842575074,0.0020630364064292907,0.0074400824085392005,0.00943569803177185
0.0028490540542358395,0.0017446120635681154,0.0026126508955078127,0.0069211321965374,0.011932300418008041
0.0024517619588130947,0.0015012961880378724,0.0020219077710227967,0.005956115762940788,0.009237403761733246
0.002542495489930534,0.001556864674489975,0.0017221141401844026,0.00618000268792286,0.007868047311294746
0.0025539788135046,0.0015641202286891937,0.0024695394877510073,0.00620732190465107,0.011280846326935958
0.004691963640665436,0.0028664526001625063,0.003176613235862732,0.011244123037210847,0.01446140936552353
0.0037719659485572813,0.00231054207245636,0.0021434543971138,0.009175897462717438,0.00987105632959671
0.0035091900744194026,0.002149244214694977,0.0017454434577541351,0.008528008009544754,0.007998723965275956
0.003144508538460159,0.0019262712852172851,0.0016473684851245878,0.0076509473816074374,0.0075473757350332255
0.0031954810836071013,0.0019573868767433166,0.0015894250814037325,0.007775910313478852,0.007275869842756463
0.0025395589449161526,0.0015559562997035981,0.0017112803403453829,0.006183164726249123,0.007837890061128807
0.0024771011777872083,0.001517602230709076,0.0017657329384403227,0.006032879598490143,0.008084331327069474
0.0024676785030120847,0.0015119135336093903,0.001868483627231598,0.0060125802770771035,0.008554348700631332
0.0019047840484136581,0.0011670426086597442,0.0014295823220329285,0.00463334994470253,0.006549541973460388
0.0019451830454820633,0.0011917362765483856,0.0013785710875110625,0.004731572090140725,0.006318149119008255
0.0019118795671218872,0.0011710338250808716,0.0012497344855384826,0.004648032711497689,0.005722328054297638
0.0016412410714382172,0.0010052669600658416,0.0012099149469451905,0.003988880713335419,0.005536505057800484
0.001398818977987194,0.0008571257845573425,0.0011427123788909912,0.0034018197134651185,0.00522948839305706
0.0014419681840294838,0.000883587475221634,0.0011793378535823822,0.0035070844516672138,0.005399314924467278
0.001470124129270935,0.0009008385048322678,0.0011990255359725951,0.0035752748579300883,0.005488691636312676
0.0015626631923669814,0.0009575395987443925,0.0013058253768997194,0.0038003248498357776,0.00597934040366478
0.0016388828106874466,0.0010042781190090179,0.0015031194631175996,0.003987529505840684,0.006887354048479271
0.0018507165142053604,0.001134142185848236,0.001653471315296173,0.004505593453399086,0.007575807135689927
0.0019129146375411988,0.0011721572236232758,0.0015529353264884947,0.004655473573557282,0.007115525480497551
0.002307997570251846,0.0014141758934669495,0.0016481747571544646,0.005619101561657334,0.007549894487250519
0.0031904724993461605,0.0019545841471366883,0.0016648445967750551,0.0077694337383426675,0.00762199718891449
0.002543532166695022,0.0015582156137638093,0.0016487258617000579,0.00618951150035038,0.007549734845150185
0.003024680737471008,0.0018529876128845215,0.0017275009099559785,0.007366752626053239,0.007911180483687592
0.003726587281441116,0.0022826510326080323,0.0016712787691669463,0.009070896227709199,0.0076520548158771524
0.003109727076506042,0.0019054439322166443,0.0019883084539489746,0.0075769430593170175,0.009122312014687729
0.0025231207766288756,0.001546451713245392,0.0021702401880340574,0.00615780671095028,0.009945647161591721
0.003381588146900558,0.0020731411830596925,0.002393813753517151,0.008274053348652267,0.010979068862784576
0.004221984425997162,0.002585581864517212,0.0017139937523918151,0.010268703724495317,0.007853090357173157
0.003040845827078247,0.0018627803579978944,0.0014043624941425322,0.0073945335940040595,0.006439301958072853
0.003146479377960586,0.0019273384467773439,0.001481795007379532,0.007657192017189408,0.00678526802896328
0.0029170509376281735,0.0017868563191108704,0.0017023799661712645,0.007101450659386063,0.00779313066243
0.003244324199175262,0.001987491990726471,0.0018996542934494017,0.007904741741768265,0.008695616852629852
0.0028239433743709563,0.001729979898136139,0.001968285942466736,0.006877996404520417,0.009011400359261703
0.003034242288088226,0.0018584417955093385,0.001490562791021347,0.007380965484730149,0.006819757663596344
0.0028668152668231963,0.0017559384957962036,0.0015349501315670014,0.006974898906103516,0.007023231931913567
0.0025284532584899898,0.0015489486710243226,0.0018771543149070742,0.006157211257568742,0.00858853497444458
0.002177817166661644,0.0013342009143047333,0.001876448715122223,0.005303560920111084,0.008584986918557358
0.002560184563016319,0.0015685146705322266,0.0011334394458847046,0.006231784789315606,0.005199101682890129
0.0019121974774354935,0.0011711439744644164,0.0010290515814142228,0.004647761406055832,0.004706259980190468
0.001831630066847229,0.0011224034086875915,0.0008733535502271653,0.0044573436424650194,0.004002269960332584
0.0016351081915849685,0.0010018294409923554,0.0009935749862508775,0.003976087509147072,0.004548500921714974
0.0015938489236587525,0.000976848508518219,0.0008691462818698883,0.0038789576784290314,0.003982880998540592
0.0014233242117518425,0.0008722451732568741,0.0007191455308513642,0.003463503044895077,0.0032909475298113344
0.0011423892625326156,0.0006983504996709824,0.0005606931280510426,0.0027622804388917925,0.002547979931671095
0.0011786100827807426,0.0007203762189559936,0.0005526937749402523,0.0028482605025686265,0.0025107149844504116
0.0009116304763311387,0.0005572999001555443,0.000540335888059616,0.0022052818552173612,0.002458692788842988
0.0009682040550464629,0.0005912691609077454,0.000499857084842205,0.0023348435029901505,0.002270662158492875
0.0009844545730108261,0.0006009670452289582,0.0005002907980399131,0.0023719476253308298,0.0022714535301066163
0.0009866652690524102,0.0006027230874710083,0.0005209603589193821,0.0023813766420401573,0.0023673288696891785
0.0008895963855737685,0.000544662560623169,0.0005986639652566909,0.0021599306680776123,0.0027335839816815376
0.0009621202417367935,0.0005881105021648407,0.0005369168762283325,0.002324940499714756,0.002439965004611683
0.0008654327557140826,0.000530215489964962,0.0006758239660577774,0.002104527880302811,0.0030893113912529467
0.000992231912230873,0.0006076039926223755,0.0006272416729645729,0.00240939575587883,0.002861946335572672
0.0009315858834141732,0.0005706673146300316,0.0006606265027241707,0.002264462083629513,0.0030177411021179677
0.000958409584378624,0.0005870601491146087,0.0006510376949028969,0.00232926046257391,0.0029736007758862496
0.0009657104962224007,0.0005913335339241028,0.000613958077521801,0.002344832153669739,0.002801344091582966
0.0008935708851272107,0.0005469549105577469,0.000596965054066658,0.0021676010758198737,0.0027211076044923784
0.0006917324819320678,0.0004236534045152664,0.00061866101810503,0.0016810348921038152,0.0028274417982882974
0.000984396306490326,0.0006029160277061462,0.0006430193428115844,0.0023916075170554163,0.0029357307912296774
0.0007037873358184338,0.0004303048358373642,0.00047300641799139973,0.0017021020256496907,0.0021513938413447856
0.0009422272265607356,0.0005758619935326576,0.0005042843390421867,0.0022756839328028204,0.002293203490365219
0.0011255784221643448,0.0006871593401842118,0.0004831537064330578,0.0027109955534852983,0.0021945944329238654
0.0011863277681821822,0.0007241715000085831,0.0004927482474761009,0.0028574472949422836,0.0022369426642990828
0.0012211716585511208,0.0007463312850408554,0.0005270141046659946,0.0029506238684572222,0.002396651877600622
0.0009794558458680153,0.0005986023203544617,0.0004977990258650779,0.002366660361043358,0.002263932386550975
0.0012735029526704789,0.0007804033861570359,0.0009363869819955826,0.0031006738648332597,0.0042952750706560135
0.0012227251403683663,0.0007493789450340271,0.001520816320569992,0.0029757802665747644,0.006965136089313697
0.0009499005184227466,0.0005821510360651016,0.0014862992409782408,0.002313081969372177,0.006814322891224099
0.0010578538142794608,0.0006482748643569946,0.0009717067126350403,0.002573367090574646,0.004439441482115459
0.0011322251134270667,0.0006935631142072678,0.0014379718247966768,0.0027532115668572428,0.006575728177416992
0.0011221309863680838,0.000687365914981842,0.0011883617881851196,0.0027282551900066378,0.005439699884641838
0.0010087144010418891,0.000617922584813118,0.0012553870622234345,0.0024530429497875215,0.005748426067221833
0.001186014749919796,0.0007268703834228516,0.0009342302177267074,0.0028865358487285614,0.004281944546986294
0.0011836038448566437,0.0007254321829490662,0.0009981163684444428,0.002880472792736435,0.004575824014235211
0.0012245895960086822,0.0007506271109991074,0.001514035338552475,0.0029809657469905856,0.00693566517769165
0.002627944145416641,0.0016100839928798675,0.0012581724468784332,0.006398186524263764,0.005776739471543503
0.0025529672541374205,0.001563588525455475,0.0011648536566810606,0.006210459826938058,0.005336513110387993
0.0029932448544258117,0.0018349238292388916,0.001902380669506073,0.007313854803196336,0.008748274248231125
0.002734242139076614,0.0016755507246665954,0.0009687334392385483,0.006657381103984261,0.004451785776901912
0.004022083238577271,0.0024663147584609987,0.0024533412698822025,0.009839534689537431,0.01126240296899147
0.00283241290233078,0.001734838272731781,0.001525959635169983,0.006884031797996903,0.0069968999677783965
0.002337789870118522,0.0014321302429847718,0.0009230507258491516,0.005688536603800202,0.0042342503467089655
0.002657586325024986,0.0016278935031108857,0.0010448358450250625,0.006466527478448296,0.004787405529010963
0.0032390004791969297,0.0019837449447326658,0.0013875547889785765,0.007877396990410233,0.006341544648397637
0.0033949815609210965,0.0020794161216430664,0.0016853112820701599,0.008260303659788514,0.007706491955507469
0.003111912582134628,0.001905711259048462,0.0014971735421733857,0.0075640636757530215,0.006841366099703979
0.0020934065022224424,0.0012822308794670106,0.0010382726136760711,0.005090322290412331,0.004757712710786533
0.003197999248718643,0.0019587996856384278,0.0015479451660232544,0.007780337734571839,0.007081273471701812
0.0034561611153835292,0.002116791452568054,0.001640284860523224,0.008407576765171433,0.007499478613722993
0.003143153659319305,0.0019254188791923523,0.0017031301800327302,0.0076503948405899054,0.0078073522829896925
0.003835821089958572,0.002349240447681427,0.00159004002252388,0.009332874436727905,0.007272615756977272
0.002835305783962631,0.0017366866723709108,0.0016230278853492735,0.006897589267841721,0.007432769446957779
0.0027558092214817046,0.001688291038673401,0.0019783730153160096,0.006715952579728508,0.009055970310557557
0.0026434208430999753,0.0016198467866592409,0.002263316059501648,0.006453282453171158,0.01035854450999565
0.0030924571134799956,0.0018942986385040283,0.0015447299126701355,0.007523975016228104,0.007076400508869362
0.002961874101375961,0.0018141161457710267,0.0015794172231273652,0.007206037665954972,0.007226828279483986
0.0021954463668817517,0.0013450923816375733,0.001910410488040924,0.0053470580980695724,0.008742447924006653
0.004085597542738342,0.0025030799762420656,0.00286502924004364,0.009939005549303437,0.013116560631383133
0.0030316370882743832,0.001856879140537262,0.0016417484525756837,0.007360971869579697,0.007529960455883217
0.002503597695445442,0.0015332708017044068,0.001583623642118454,0.006088316343776131,0.007246533667433929
0.0023357439704889296,0.0014304296330623627,0.0017716320995407103,0.00568134080325737,0.008099119248378944
0.0018086737879270554,0.001107906426589966,0.0016538249198513031,0.004397776670805359,0.0075635792040712364
0.002219957295870209,0.0013599008576087952,0.0013443005029277802,0.005398604004136468,0.006158786290276719
0.0016856198616975785,0.0010323398367576599,0.0012756749335842133,0.004094427396408463,0.00583489002524681
0.0017057478048557282,0.0010447655276470183,0.0012820562664585112,0.004144594432464982,0.005865660938013268
0.001489517169510746,0.0009122732536010743,0.0012905215863304137,0.003618814061633492,0.005902184274185372
0.0014495177142971993,0.0008877947435789108,0.0014236659053878786,0.0035228414461530686,0.006514840027082634
0.0016156922974342345,0.0009895450131111145,0.001532558674009323,0.0039274678007282255,0.007015924733269882
0.002378772846674347,0.0014568979398422242,0.0017423676792697905,0.005786644552699471,0.007971973502028657
0.00183748461089077,0.001125116194885254,0.0015537109319286348,0.0044657651052392965,0.007110644351828767
0.002063365802978897,0.001263559843700409,0.001597458565624237,0.005017148552886391,0.00731294396458931
0.0019407469042295455,0.0011883585707359314,0.0015999865476207732,0.0047183522448457724,0.007324049502003861
0.0018390743084901809,0.0011261120990924834,0.0015223582331256869,0.004469924412719154,0.006969207575309944
0.002255259359692955,0.0013810090378932954,0.001503762209804535,0.005482223533145333,0.006879503005135727
0.0035028572776073454,0.002144887055557251,0.0015776352528648376,0.008516886259666824,0.0071969658160097125
0.0019777632304185866,0.0012109958783798219,0.0014133498612957,0.0048045912012971885,0.00646749654947586
0.002409732667421722,0.0014757590548210144,0.0016883752588348388,0.00586162202810421,0.007723113923657609
0.0023881466009372707,0.001462660218875885,0.0011956071499900818,0.005806720800749207,0.0054730487519390105
0.003636589018320465,0.002227214242618561,0.0014559866134243012,0.008844567199102784,0.006659755041588021
0.003396223995899582,0.0020802644149475096,0.001969018364341736,0.008265875883451844,0.009010339617121887
0.003878555420851135,0.002375325824420929,0.0018843290452079772,0.009433102823845291,0.00862888890444107
0.003573174599623108,0.0021880886809043884,0.0014457022193984986,0.00867824596916809,0.006615385153282357
0.003568701658462906,0.0021856096045188905,0.0014032645765857696,0.00867377740894928,0.006422586491096687
0.003497826204513931,0.002142296935718536,0.0016867554728107453,0.008505659534088517,0.0077176615947372445
0.003464828953956985,0.002122154082458496,0.0018422862235622406,0.008428305919519806,0.008433513920891953
0.004208215419268036,0.0025769877092056276,0.0017604435328559876,0.010236727275005722,0.008047431137550545
0.003424560216879272,0.002097220446269989,0.0015667607728557585,0.008319087214819335,0.007168803887952041
0.0029405517675632474,0.0018010248200111389,0.0013204333130435943,0.007150038094869996,0.006040912034500313
0.0029242844559902188,0.0017911576883010865,0.0016573950294570925,0.007114040650478745,0.007585186823595238
0.0032204030909294126,0.0019730636731796264,0.002306616747768402,0.007849757172218703,0.010557547574628066
0.002718608311628723,0.0016649669067077637,0.002183109784515381,0.006615218819729233,0.00998173035918541
0.0025999331363195416,0.0015925311700515747,0.0012958428207950593,0.006323329629055405,0.005937482326615524
0.0022563829251283645,0.0013816953257732392,0.001146071309240341,0.005483534665457154,0.0052400104814655304
0.0020563634522909164,0.0012592707232646943,0.0013679346088485717,0.004997150327316666,0.006257179718602372
0.0022628361978286743,0.0013858008937053681,0.0011614240948276521,0.005500892894021416,0.005315041452038956
0.0017826769896501541,0.0010919585482292175,0.0009526593182401657,0.004333570553413773,0.004359644521165561
0.0016562120624536514,0.0010150197402648926,0.0007802246604280471,0.004031310401908302,0.003573980010438633
0.0015150103785747527,0.0009284544394426346,0.0008808954749422073,0.0036863948286093716,0.004035610049355698
0.0016443708159679413,0.0010076070980243683,0.0008099799696521759,0.004000742967478181,0.0037088871800786973
0.001613221738552475,0.000988433505695343,0.0007759934310035705,0.003924410738102341,0.003551336146283817
0.0014191032477373123,0.0008694407449178697,0.0007954751197414398,0.003452081617764378,0.0036393293613082886
0.001275077536022091,0.0007807225243263245,0.0006621496845202446,0.0030963586897171974,0.0030186749675757407
0.000920827131038332,0.0005631542236618996,0.0005470755193548203,0.0022297060832895278,0.0024902073030806304
0.0009888536953085898,0.0006045726941041946,0.0005181562770323753,0.0023917844862259867,0.0023582023737467052
0.0008866413310820102,0.0005432335243635177,0.0007402707878665924,0.002156548570892954,0.0033837642022854805
0.0009145885974818707,0.0005597960309200287,0.0005722121764140128,0.0022184954941786767,0.0026090826393551352
0.0010661741711849213,0.0006533325717859268,0.0006802905146198273,0.0025940380827106477,0.0031101662227398874
0.0008488774702602863,0.0005197738961391449,0.0006348171923475266,0.0020616870664574146,0.002898537550259304
0.000798339222436571,0.0004888721437268257,0.0008288655374364853,0.0019390711926437856,0.0037821063557154657
0.000995761052584076,0.0006096857891492843,0.000737276079149723,0.0024178948864854817,0.003363515377927494
0.0007425297529155254,0.0004546067000441551,0.0006206414494829178,0.0018030295119203568,0.002833125832814646
0.0011172544874900818,0.0006841652349643707,0.0006146893371062279,0.0027131209567703247,0.0028050908835119725
0.0008378380090648175,0.0005126964182667732,0.0005374226961450577,0.0020315253489233496,0.0024496970993912936
0.0009804436751359939,0.0005996123061590195,0.0005179154928939342,0.0023731126428164486,0.002358997266877365
0.001128758693551445,0.0006907992766313553,0.0005617585573511124,0.002737335588089371,0.002561362971875739
0.0009573185839408874,0.0005844420672469139,0.00040345518478918075,0.002308861928484583,0.001837242315381688
0.0009038827084654807,0.0005526092306785583,0.0004869434330778122,0.002186723853699112,0.002216603097084832
0.0009223709747845173,0.0005643585131578445,0.0005420824643390179,0.0022361254714943412,0.002472270278025341
0.000891017672484541,0.0005448969186358451,0.0004643530026243925,0.0021565201104201317,0.0021159236683956505
0.000916703752493286,0.0005610106916241645,0.0005436433758752346,0.0022235960364855767,0.002480389977384281
0.0009284537658745288,0.0005678113655261994,0.0005052400324659348,0.0022473912969745635,0.002301711066950035
0.0009861690544241905,0.0006032406197004318,0.0005248984676020145,0.0023885102019227983,0.0023919877560324193
0.0011981509797924996,0.0007321836159639359,0.0004902562070803643,0.0028939988762654305,0.002230467207122517
0.0008206992917412757,0.0005023880855255127,0.0005622828398065566,0.0019924817473210336,0.0025658507624156
0.0009175502233857154,0.0005609070913009643,0.0004945086483078003,0.002218519698879862,0.002251630605149937
0.0010279687844866753,0.0006292758838348389,0.0005662195403294563,0.002494817604175949,0.0025837485404200076
0.0011015136920565604,0.0006735073433332444,0.0005218658168034553,0.002664584413222218,0.002375106777761054
0.0011860895910018922,0.0007265753404312134,0.0006351696346120835,0.002884085410884762,0.0029037414336091994
0.0011669263311380386,0.000714892532032013,0.0006360724214630126,0.002837753002396965,0.002908190079171133
0.001089292763983631,0.0006674331233911514,0.0008242904041128158,0.002650723719648266,0.003776544400442314
0.0014291331209892273,0.0008754702166728973,0.001347645664604187,0.0034731874079026222,0.006163348543036651
0.0013946604423874854,0.000854374776881218,0.0013282954041080475,0.0033904027194298744,0.006076025947321128
0.0016142054059261322,0.0009888889447860717,0.0009743773881511688,0.003924935261956596,0.004452361264217568
0.0015808654197210312,0.000968201424282074,0.0009553759489374161,0.0038406770125545505,0.004352678654480648
0.001468777573918724,0.000899628962677002,0.0009137455169277191,0.0035690777451313975,0.004166077453780842
0.0019404460795873642,0.0011888130263500215,0.0009804965350942612,0.004719881840101624,0.004488374439764691
0.0030538776674026488,0.0018705644861869812,0.0016353759709911348,0.007431184299341584,0.0074895644718296055
0.002393493831967735,0.001466500963371277,0.0024229504112319947,0.005835373492590333,0.01107759131132431
0.0028828045346492763,0.001765616442363739,0.0019374653939323427,0.00701277882014885,0.008859428428996277
0.0020825630881542204,0.001276304270427704,0.0007837172541933059,0.005070463796011353,0.0035977364697939874
0.002103931713914299,0.0012886300937347414,0.0009323573652820587,0.00511633640383854,0.00426835884093113
0.0031681288220638273,0.0019419582740478516,0.0025501110796051028,0.007710616137138748,0.011686111068118286
0.0026576232709640503,0.0016279191629104614,0.002440811598690033,0.006478351430646324,0.01115804113088913
0.0030905984260791775,0.0018939150826148988,0.0011772732678966523,0.007523388429037476,0.005412619521606636
0.0031957970955127715,0.001957304264705658,0.0011316913608627318,0.007769991953722382,0.005178043215859604
0.003256240651821518,0.0019945297495536805,0.0017070380691604613,0.007921874769083405,0.00781849783300228
0.0033909064092391963,0.002076857473056793,0.0020182828549461366,0.008252617736212157,0.00923641242920227
0.0026275986351722716,0.0016092466966323854,0.0017056478802280426,0.006389363955012703,0.0078028088116533275
0.0020931858488077164,0.0012818810300045014,0.0014447319749908449,0.005088270653835678,0.006611326732624245
0.0028295010366195675,0.0017327869192771913,0.0014665813390331269,0.006881849296442414,0.006704422982919884
0.003555208651041412,0.0021783778325729372,0.0023481748942451477,0.008667795212618257,0.010755837761748505
0.00238004521808567,0.0014586515680961609,0.0024762818459587096,0.005804128326527024,0.011331848507512282
0.0025104931511634823,0.0015379442826919556,0.001470085198076248,0.0061071896270431525,0.0067383271270877836
0.0025012385585063933,0.0015317575887851716,0.0015143865291194917,0.006081910698167229,0.006926953046906662
0.001935792789673233,0.0011888669387512206,0.0027718907836990357,0.004757171620479965,0.012692319303143691
0.004375841919397736,0.002678968335788727,0.002851660752685547,0.010618657954088593,0.013051825963843536
0.0027154928781742095,0.0016647002057247162,0.0013648046497421263,0.0066085546359933856,0.006298115872729493
0.0022446839132064817,0.0013744441525154114,0.001504510456712723,0.005456354825250054,0.006885413437474442
0.0019528337754959107,0.001195850874584198,0.0014890608433799743,0.004745335964909936,0.006812953072179032
0.0030245487251037593,0.001852181519668579,0.0013737341705875395,0.007353613640419389,0.006282175751913262
0.0018389669754261017,0.0011256694451980591,0.001249805921705246,0.004463861711374664,0.005714372079957199
0.001625572634553337,0.0009953034476451873,0.0013646093849258422,0.003948555503837013,0.006246506970513535
0.0015606532894724846,0.0009556502060108185,0.0013520342949943543,0.0037914856121458057,0.006189297937739563
0.0015720896639579774,0.0009626857296638489,0.0014257826153354644,0.003819912038794899,0.006528225466001701
0.0016479304768795013,0.001009125049512863,0.001448396945388794,0.0040044671223081595,0.006632458283889961
0.001719297618483925,0.0010527805046253204,0.0014738126639442443,0.004178035931340599,0.006749574750054551
0.0017663368084186554,0.0010815258280448914,0.001515445465238571,0.004292681808821106,0.006940060847390366
0.001627545080398941,0.0009966243461780547,0.00169945421257782,0.003957681296817207,0.007776645472038459
0.002834973708605194,0.0017360370413475037,0.0017605247143821718,0.006895340801826859,0.008048241596806716
0.0016525945731157303,0.0010116441802196503,0.001238684767873764,0.004012039913288498,0.005667057182777595
0.0015120131575221062,0.0009257817075662613,0.0013695244435386659,0.003673310281387711,0.006270080106843186
0.0025148202069753644,0.001539934481781006,0.0015534401182250978,0.006113445611349488,0.00710599186657734
0.0021625980683321,0.0013240112916641236,0.0012594177071170807,0.0052529346153654104,0.005758061754096221
0.003324824289297485,0.0020358413116149904,0.001474041545780182,0.00808021075283661,0.006733599924433899
0.003737821183418655,0.0022893967882804873,0.0018068455699996946,0.009093119157902146,0.008275963907826615
0.002599753517722511,0.001591826732557297,0.0017966611329631806,0.006319719316116715,0.008213640611756516
0.003139093110775375,0.0019225757376365661,0.00236837031880188,0.0076505338624633795,0.010816099184144211
0.0026892916359657283,0.0016470723704509736,0.0014127072040157319,0.006538036854616547,0.006469562097776604
0.002578855843161964,0.0015791258470230103,0.0014345558528022764,0.006270079286447907,0.006561677631128502
0.0035755484857315062,0.0021894952313117983,0.0014577078763561247,0.008692687930218126,0.006658852308381272
0.0028216798879856105,0.0017278198258094788,0.0018496538940982817,0.006860910899988556,0.008452241449940872
0.0024462650456184387,0.0014979613975696564,0.0015565653387622832,0.0059475226507104875,0.00711892124353714
0.002373797995662117,0.0014536180452518464,0.0012973255459384917,0.005770734350434685,0.00593598430394001
0.0019365252830738067,0.0011861159757785796,0.001004053706319809,0.00470733653461113,0.004597898107159805
0.0018819463469738006,0.0011527045921497345,0.0010214394275264741,0.0045747082487262725,0.004679040185499859
0.003443591902470016,0.0021087914959602356,0.0013250561896877289,0.008369328726879502,0.006055057712782096
0.002368092695688629,0.0014498780624084473,0.0012534819785671235,0.005751426623813057,0.005725615211713981
0.002220923439478302,0.0013600540117435457,0.0010783738736228942,0.005397742210379982,0.004937625274944973
0.0014112819530719756,0.0008648492501192093,0.00085808520952034,0.0034343951628126148,0.00393807260482378
0.001433351456438923,0.0008785262362174988,0.0008373120818452835,0.0034900326386608127,0.0038432192706949237
0.00135550658187809,0.0008305714235715867,0.0007256865892724991,0.0032983425766743664,0.0033230498821920874
0.0013171595447415351,0.0008068430380039215,0.0006840189639644623,0.003202586473575974,0.0031275664971656325
0.0010288183220380782,0.0006301712946109772,0.0006396549586372375,0.002501388692907238,0.0029253924341387273
0.0009917820625657081,0.0006060661927871704,0.0005045667197721004,0.0023965642497457505,0.002295923632521105
0.0010646505527848243,0.0006505392746143341,0.0005068969894366264,0.0025717107087887764,0.002306493184853268
0.001073804237758541,0.0006558955119066238,0.0005037887897508145,0.002591480009309197,0.002290769560772848
0.0011190117560976982,0.0006837148473672867,0.0005088474024252892,0.0027024008453406336,0.002314914152536464
0.0010983751126283645,0.0006716373966150284,0.0005541438553647995,0.0026585660428322796,0.002524360862512064
0.001154706498300457,0.0007051110521965027,0.0004951156210319996,0.002784359736791992,0.0022501303368694307
0.0009668779440874099,0.0005903195695095062,0.0004922835882918835,0.0023311260864652635,0.0022369653755313873
0.000979654813622856,0.0005986034379415513,0.0005303874630646706,0.0023664335638798714,0.002412496764350605
0.0010014372923130034,0.0006123826162033081,0.00055523175934124,0.0024238141328610423,0.0025288174697644236
0.0010129322253817558,0.0006190049455575943,0.0005205038581209183,0.0024470125213779453,0.002367322132874203
0.0009527389668578148,0.0005821676657609939,0.0005159940365867615,0.0023012011848904134,0.0023462980644292355
0.00102391561052742,0.0006257554397993088,0.0005216167178170681,0.0024737314969815257,0.002372615483168435
0.0007988847591632842,0.0004885403768234253,0.0005165709909217358,0.001933841469935322,0.0023523196031785725
0.0008761735462302208,0.0005355407477431297,0.0005000206325368881,0.0021176571131266593,0.002276074474815202
0.001023470652913475,0.000625894512336731,0.0005257945154027939,0.0024773003161467555,0.002396398736674261
0.0008863273636156559,0.0005418549583368302,0.0004933137465434074,0.0021436712265528683,0.0022462059380001544
0.0007864370443576812,0.00048083414445447917,0.000500334406288147,0.0019027884342290402,0.0022783630014843463
0.0007457896114045619,0.00045590482215213774,0.0004796191696243286,0.0018033374347306728,0.0021832752057797432
0.0008656355933004856,0.0005303552330546379,0.0006529422197656631,0.002106277179769421,0.002990004920352173
0.0008011477709466457,0.0004906442121677399,0.0006072399709539414,0.001947749774954462,0.0027801226140446184
0.000827818504040861,0.0005070015520863533,0.000685843424888134,0.002012972489795828,0.003139631520349455
0.0008457883224541186,0.0005180301250033378,0.0008463585917072296,0.002056642558477068,0.003873411225665283
0.0010020052813643455,0.0006137020842247009,0.0007960703913288117,0.0024366463482893945,0.0036465642923004154
0.0009113126025253773,0.0005582738773040771,0.0007058228869156837,0.0022171903908766747,0.0032347528980559825
0.0008703742750638961,0.0005332770974450111,0.0007348893378095627,0.002118319506249571,0.0033679994428045274
0.0007604681745821476,0.0004659401060156822,0.000715280244143486,0.0018507366233088017,0.003278666928548288
0.0006888431415611744,0.0004217429787926674,0.0005859665218906402,0.0016727946542717457,0.0026769307361430646
0.0006873741754049301,0.00042105125943946837,0.0006214778963642121,0.0016714210153140068,0.0028447615371531964
0.0011618207090252875,0.0007111728892736435,0.000567081579955101,0.002818433040431881,0.0025909642816967487
0.0011159973763579369,0.0006838091717176438,0.0006475594509558677,0.002715689669600868,0.0029639862181133746
0.0009993910276049614,0.0006122901246957779,0.0006322155613617897,0.0024314066067852025,0.002893196685004902
0.0008978026554638386,0.0005494941578321457,0.0005680699516253471,0.00217830487345829,0.0025919293814785005
0.0010532185592407226,0.0006455250636749268,0.0008096215371208191,0.0025655187383808137,0.0037160335117465975
0.0012583830826634406,0.0007707852975540161,0.0010404480640010833,0.003058786964467907,0.004758929012108517
0.0013351695217842102,0.0008177873001508713,0.0010619100723581313,0.0032447588652886393,0.004857085631180477
0.001875450287079239,0.0011483830169849395,0.0011967235747890473,0.004556459145299339,0.005477194138754082
0.0012765935607904433,0.0007817231671028138,0.0013557633701877592,0.003101461182586098,0.0062029663228876115
0.0016414209820980073,0.0010055231110267639,0.0012648742143230437,0.0039904571220792774,0.005789623936403466
0.0030231339730972286,0.001850903000038147,0.0008471517209129333,0.007344877959839249,0.00386466867713995
0.002136801333045387,0.001308386708896637,0.0010955035779790878,0.005193135349503899,0.005019669065762233
0.0022054156371110914,0.0013499728397541046,0.0014392705504016876,0.005358366392604256,0.006587833213198852
0.0014691158556097985,0.0008993825570755005,0.001416367882879257,0.0035678749576725007,0.006476738234747124
0.0018248742171281815,0.0011175526336841583,0.001045434782298088,0.00443445645724907,0.004786159626532269
0.002887872407650375,0.001768820788066864,0.0009735650811510086,0.0070230125323452,0.00446145412712164
0.002152223853086853,0.0013202996508293152,0.0024159752372817996,0.005262514002672577,0.011065315609563064
0.0027637682237380977,0.00169375460902977,0.002458440685661316,0.006736161111346626,0.011258296369898987
0.0027892176964038847,0.0017128629342727662,0.000871711814792633,0.006829627431980515,0.0040577117019779205
0.0025501441755050656,0.0015618154064826965,0.0010591694358901976,0.006201090036384011,0.004853289742160511
0.002286035618996048,0.001399796392124176,0.0017426362577991484,0.005556786780110741,0.007967471676457597
0.0024969215788597106,0.0015289921418838502,0.0014005232695655824,0.0060694200084127434,0.006408488582957459
0.0019070311792844772,0.001167558308046341,0.00114654597082901,0.004631713600508118,0.005246893464911652
0.0016548364468568803,0.001013423021238327,0.0010822015199975967,0.004020181559077645,0.004954129042614174
0.00152243264249506,0.0009324707792215348,0.0010679248813705443,0.0036995096982039453,0.004889171039450836
0.0014674197011345863,0.0008988757536821366,0.0010243333969430922,0.0035667179197587016,0.0046894965389258384
0.001243965769624138,0.0007619695917778015,0.0009874080065803527,0.0030235906690873147,0.004518699702013206
0.0012261324905508994,0.0007509346709661484,0.0009587872717695236,0.002979380472055817,0.004383936659384441
0.0014104652725810051,0.0008636903123073578,0.0012047632280902862,0.003426214683107281,0.005514513235676956
0.0013724727996343613,0.0008404554084949494,0.0012654482070522308,0.0033343260124839786,0.005794143726814461
0.0015765133925432205,0.0009654416100196839,0.0015496726874427796,0.003831344460002327,0.007095393427599144
0.0015845394232028962,0.0009708189026527406,0.0019318856839256287,0.0038586154446519855,0.008844929986584855
0.0015274077855700493,0.0009354525015764237,0.001631550068052292,0.003714173845998192,0.007466462504256439
0.0015825628884786607,0.0009691440419368745,0.0010619816873388291,0.0038452423915781024,0.004853642710436058
0.0013933035918230058,0.0008535533503704071,0.0008444758597927094,0.0033882512495435717,0.0038634095051772116
0.0011709751971715927,0.0007171855972223282,0.0008714184705333709,0.0028463808700956348,0.003985307680953216
0.0012393107273334502,0.0007590729848556519,0.0008616017196493149,0.0030131938189782146,0.003942168180037212
0.0012484314822310447,0.000764701600473404,0.0008657124284820556,0.003035607372275734,0.0039608452850467685
0.0013536429294103622,0.0008291768984012604,0.000891750017197609,0.003291546818665409,0.004079699849475098
0.0014263522454256057,0.0008736566857509613,0.0009194789175109863,0.0034676779568709377,0.004205237130213452
0.0014024190165752412,0.0008591737852506638,0.0008296810183839798,0.00341145602171793,0.0037969434761888506
0.0013577840142601967,0.0008318560675792694,0.0007362333927469254,0.003303055311790848,0.0033681043738014223
0.0010034088619703292,0.0006144361154251099,0.0006232351679520607,0.0024378363684333802,0.0028493919746465203
0.0008971829713040828,0.0005493812815361023,0.0006323297564105987,0.002179850250533962,0.002891310785103512
0.0009923500516170502,0.0006075778857879639,0.0006242027525024414,0.002410091397217655,0.0028527928413338184
0.0009382912792915343,0.0005743491829447746,0.0005913422499017715,0.002277307775668049,0.002700517754394484
0.00254988438568058,0.0015631710843257904,0.0008785399589853287,0.006212550120107079,0.004046668020773601
0.0018693439849370957,0.0011444191590957642,0.000748347030969143,0.004539729352346802,0.003419359287012291
0.002982953438972854,0.0018271586553268433,0.001846064293773651,0.007249903322807694,0.008460590609300805
0.0029230513670200345,0.0017897965566329957,0.001961604917438507,0.007106549073807145,0.008960840767014694
0.003974045340036774,0.0024342968718223572,0.002318128073604584,0.009681329216114426,0.01060733957825966
0.0024126535870784755,0.0014773455814533233,0.0016834174636917113,0.005860934366337204,0.007697078787673187
0.0025373405822271345,0.0015537624315433503,0.0016703177336769106,0.006170917324773217,0.007638701223719787
0.0017676935859674454,0.0010824646906070709,0.0012532193903045654,0.004293958540312195,0.005735940095174981
0.001996456123208427,0.001222743775051117,0.00113491609135437,0.004852832855335617,0.005197903346408081
0.0018907819756025315,0.0011579534069709777,0.0010416435245590209,0.004594770310870552,0.004768005747485829
0.0019148137756341934,0.0011727798537425995,0.000955653602273941,0.004654736615768814,0.0043760796958095555
0.0018043874748701096,0.001105122651260376,0.0009611080084161759,0.004385232074610139,0.004397949030388069
0.0018465629436725617,0.0011313290850334167,0.000899698430688858,0.004491718573919678,0.004126437422025871
0.001450059052621746,0.0008884522871189117,0.0008999589178876877,0.003527380758575344,0.004127985460448933
0.0014670577623600006,0.0008990166143589021,0.0008665399346666336,0.0035705415532506944,0.003976757437873554
0.0013543499403351783,0.0008297269747667313,0.0008289096150712967,0.0032943410873927117,0.0037971545630580902
0.0013371318914646149,0.0008191381500177384,0.0007968976292924881,0.0032520514846362115,0.0036475684860236167
0.0009429818802231789,0.0005777804882340431,0.0007541599366979599,0.0022948484704412462,0.0034566502117998124
0.0011226947405094147,0.0006878407553844452,0.0006409702692346573,0.002731674525193119,0.002936806946385574
0.0012448938720578194,0.0007628207014017106,0.0008717081491069794,0.003030097034624958,0.003996013908971023
0.0011891497515791893,0.0007286330417804718,0.0006613139752464294,0.0028932989791549684,0.00302749999104805
0.0013135884203666686,0.0008048795715980531,0.0006671473328189849,0.0031963530093945505,0.003053401003170681
0.0013219150566214561,0.0008095751361064911,0.0006196109671311378,0.0032120147809900287,0.0028309949578232286
0.0012796259023899078,0.000783358688753128,0.0005959587339477539,0.0031059347078718188,0.0027202931643909934
0.0012552215763086318,0.0007684659020118714,0.0006015809569673538,0.0030472845003522873,0.0027467298553771496
0.001264748006379032,0.0007744483904056549,0.0006142958123402596,0.003072004859200859,0.0028059886151439667
0.0012201755054944991,0.0007468712137155534,0.000592533664794445,0.0029607034862555504,0.002703896165031862
0.0010978402727002143,0.0006715547398738861,0.0005566689539866447,0.0026594484061516765,0.002537313307959509
0.001064178068255806,0.0006509231434278488,0.0005512635987417698,0.0025774407506503104,0.0025125988428927183
0.001082918421244049,0.0006625582085065841,0.0005618143920021057,0.002624629455856228,0.0025620552306509733
0.0010797268324250222,0.0006605378345661163,0.0005550638977603912,0.002616178557328129,0.0025306420238203524
0.0010512676530236244,0.0006429661021642685,0.0005394931715147495,0.0025454845160759925,0.0024585230415201903
0.0010496664189452172,0.0006418722079210281,0.0005284115467386245,0.00254030116354599,0.002407354482028556
0.0007780178242081642,0.00047584157000112536,0.0004993472639636993,0.0018839599252261164,0.0022754560658223154
0.0009441469550782681,0.0005771331817917823,0.0005012722741978169,0.002282441211543226,0.002283841716263366
0.0010309764467829705,0.0006304618225507736,0.0005093170236961841,0.0024952417627490996,0.0023220886053032398
0.0009171272800022601,0.0005607017234973907,0.00045806788282263275,0.00221842394401803,0.0020875930137447237
0.0008526275195831299,0.0005211240978055,0.00045800568910109996,0.002060926790586853,0.0020862307991347433
0.000769670634036684,0.0004705957279615402,0.0004820794146673679,0.0018622664839543343,0.0021958760099000454
0.0007908013746792317,0.0004836150811128616,0.0005026946049349309,0.0019143894017256738,0.002291394400361848
0.0007722906560355663,0.0004724117175750732,0.0005076449122445583,0.0018708826482810022,0.0023149949943161727
0.0007484309539848805,0.0004578549892716408,0.000507214853556633,0.0018134684764362814,0.0023131394100821736
0.0007286545448655128,0.0004459050105028152,0.0005201257672326565,0.0017671848319984914,0.0023737409905976773
0.000771779655730152,0.00047255577455091477,0.0005690428782420159,0.0018749864534057619,0.002602932131428194
0.0007905887529903888,0.00048406330059099195,0.0005691689644174576,0.001920569757423544,0.002603678897160959
0.0008003560618216037,0.0004897418723516465,0.0005219966191964149,0.001940673224679375,0.0023831364998108864
0.0008392331928664684,0.0005138747350387573,0.0005658145938234329,0.002039003537646675,0.0025887868614382268
0.000836358893727684,0.0005120318786315918,0.000553444927574873,0.002030977506987,0.002530636613953781
0.0007792460211271286,0.0004768542156629562,0.000512743266315937,0.0018895995319403649,0.0023402956643588067
0.0008172812447601796,0.0005002517060451508,0.0005379829425530433,0.001983274562708283,0.0024575251252836705
0.0007360535532886028,0.0004505183429532051,0.0005227228496389388,0.0017858294562019348,0.0023859653496629716
0.0006851258032673836,0.00041923958371210097,0.0005092868376688957,0.0016610035069800854,0.0023218841021395444
0.0009258569628650189,0.0005664537207298279,0.0005402024369852542,0.0022438058093704224,0.0024657548592872144
0.0007942358501905442,0.00048624871979284284,0.0005542179960923195,0.0019285443641759398,0.0025316504535711527
0.000711301928078556,0.00043553418229150774,0.0005883066151456833,0.0017279157631613256,0.002688185402143669
0.0010748171114081382,0.000658128763835907,0.000621353330107212,0.0026105933890260696,0.0028396747314817427
0.001003061818396473,0.0006145569936447144,0.0006597060803489685,0.0024408051237977983,0.0030199747645742415
0.001184143430804634,0.0007255916402750016,0.0007180711049752235,0.002881957879713917,0.003287955363232565
0.0010676826023215294,0.0006544088975601196,0.0006591037456111907,0.0026006006598986624,0.003022843729097319
0.0011077008225673676,0.000678808774154663,0.0008778490666465759,0.0026965243340052606,0.004024527172136975
0.0019481964030021667,0.0011931154684238434,0.0016478073839263918,0.004731804738990212,0.007544101642955017
0.0016709545143598556,0.0010233498768024445,0.0016126956585960387,0.00406189911519661,0.0073798107319957736
0.002055363721465492,0.0012588076845817565,0.0012190252486782072,0.004995810823193932,0.005583700733769608
0.0021412459441179275,0.0013108473674468995,0.0013888836447315217,0.005201240821234131,0.00635404776870079
0.001926691237902069,0.0011795972243957519,0.0014630364421920777,0.00467861610507145,0.006684241935003471
0.002402266667103195,0.001471113200586319,0.0012158642653541565,0.00584079960142746,0.0055700993084795
0.0017136561342233657,0.0010491449491195678,0.001085735285671234,0.0041606422380126955,0.004960803797233772
0.0025372215666526793,0.0015539374009780884,0.000952396908791542,0.00616961966907158,0.004361799893665981
0.001922471661185646,0.0011768436686210631,0.0012764906827526091,0.004667967100492859,0.005839682146299553
0.0018140711077207566,0.0011107125536613464,0.001151475692184448,0.004405150859109306,0.005265028562534523
0.0018156992115730285,0.001111853654783249,0.0009532271865921021,0.0044112291649497995,0.004360789167273713
0.0019437885918373108,0.0011903222159557344,0.0009668823573904037,0.00472347974037304,0.00442492405413456
0.0016906529792303086,0.0010353009061031342,0.0009196564350442886,0.0041081490681089405,0.004208593697238637
0.0014533434443825721,0.0008899675563983917,0.0010178986881093977,0.0035302768111742976,0.00465730681209631
0.0019669107624048234,0.0012043868259601594,0.0010653892997817993,0.004779029618255043,0.004879056630421352
0.0017581228353733063,0.0010762879208736419,0.0010742062572555542,0.004268745221249008,0.004911991081524562
0.0014330214255208016,0.0008776482597999573,0.0009611601773815155,0.0034822310999549867,0.004400893018532467
0.001467624072050476,0.0008986333266906739,0.0011463297847824098,0.003564416433922196,0.005245505272734832
0.001642335868691826,0.0010057165877037047,0.0014219447318630216,0.003989964161864663,0.006508586221326065
0.0028309584297889706,0.0017337990061454774,0.0014412704948501588,0.00688822089587822,0.0066050378137714385
0.0012103482507819176,0.0007412091151885986,0.0009480136875228882,0.0029406621709980015,0.004340859218824577
0.0012676358499282836,0.0007769136534147262,0.0007682025078849792,0.003087162144533539,0.0035275753998643875
0.001229736618017578,0.0007536217079572678,0.0007525282595472336,0.0029946679130710605,0.0034527540871388436
0.0013014778920167923,0.000797072912853241,0.0010270413551645278,0.003163682691804314,0.004703100209820938
0.0013909973182434081,0.000851804147761345,0.0010781094525175094,0.0033797992870725634,0.004934854198384953
0.0022688456811660765,0.0013893299655132294,0.0008804692272262573,0.005514930202118302,0.004024007824946118
0.0024288716860765454,0.0014871247367076875,0.001449238443763733,0.005903129278174782,0.0066315375858432765
0.0012828017198199273,0.0007857454077415467,0.0008941231910305023,0.0031186413780368806,0.004098090741921139
0.0011755750396007538,0.0007203725979738236,0.0008206622693853378,0.0028620561183012963,0.0037663977363593102
0.0010915617995614052,0.000668582226436615,0.0009146488402204514,0.0026545342311777116,0.004189995392549706
0.0010417061024064064,0.0006379129991941452,0.001082549000175476,0.0025317123070873263,0.004958583098042679
0.0011166001208776474,0.0006835469410829544,0.0010405897293405534,0.002711968706599617,0.004759739675510598
0.0010384536185020447,0.0006357519433908463,0.0010252499524669647,0.0025220596850432397,0.004684566619384956
0.0011715300433987616,0.0007171915427856446,0.0011382780615406037,0.002845407007686043,0.0052087161385900495
0.0012364400424713135,0.0007572829679660798,0.001736027652414322,0.0030068720475353245,0.007939264019716454
0.0010570705019587517,0.0006474775777273178,0.0016050479654388427,0.0025711150780834196,0.007342536955464553
0.0011185489826554297,0.0006850516603403091,0.0014471453372554778,0.00271945407693758,0.0066197203957921984
0.0010489415191763877,0.0006424599693231583,0.0015542807225303649,0.0025508685991682055,0.0071105782085544595
0.001095872426843071,0.0006712506667785644,0.001576859647424698,0.002665403471938515,0.007216422554243278
0.0011064980351084708,0.000677873174946785,0.0017680987361984252,0.0026923894972123146,0.008095237209785652
0.0011205223046893119,0.00068658329109478,0.0018967591170387268,0.0027273540303625107,0.008688042222846222
0.0008911681213134765,0.000545979435842514,0.0018485284391956329,0.002168892791173601,0.00846817585467167
0.000987265823101425,0.0006048695252351761,0.0017770341579036713,0.002402840980938816,0.008137822862852287
0.001035474432324791,0.0006343312666826248,0.001980934524925232,0.0025202151626862526,0.00906596937714882
0.0011538225703591346,0.0007066845254116059,0.0017503666524009706,0.002807075981847191,0.008003514044869613
0.001038386298036003,0.0006359731809310914,0.0017482013050632477,0.0025263351396240235,0.007994446700204086
0.0009780665033215523,0.0005990451530628204,0.0016373248640613558,0.002379486192814255,0.007489720847595405
0.000980342986499691,0.0006003812954835892,0.0014423126224594116,0.0023837205082692147,0.00659792986153431
0.0009799750604385375,0.0006001283631734848,0.0017134116236286164,0.002383653834513569,0.007837750017035676
0.0010219468884819984,0.0006257662133388519,0.0014541708473281862,0.0024842292443431856,0.00665205139159031
0.001079221125757122,0.0006608620689325333,0.0014190674368457796,0.002623178769699478,0.006493081747878266
0.0010049849056357383,0.000615341584485054,0.0014518256131725313,0.0024426104575909617,0.006643554430592728
0.001201705018495941,0.0007359675870351792,0.001293998444469452,0.0029207946330822945,0.005923807817090225
0.0012397437833899497,0.0007591997192316056,0.0013691015485839844,0.0030128687844194414,0.006268163585055542
0.0011987199180478096,0.0007341203049831391,0.0013577488307075503,0.0029135837600149156,0.006216928269851875
0.0011350739665979385,0.0006952078447751999,0.0014903188888149262,0.0027599901244558336,0.006823958986390304
0.0011296117358559608,0.0006918790892772675,0.001414103114994049,0.0027467158407486914,0.006476169892538262
0.0010612664946073533,0.0006498224989585876,0.0013843202237205504,0.0025791359663523677,0.006339683654297067
0.0012407592125886916,0.000759814794462204,0.0012992629055099487,0.00301549831931963,0.005952830016005706
0.001144034159993553,0.0007008080289773941,0.0010010575000362395,0.0027812730610884667,0.004584395896781159
0.001172271517729187,0.0007181436822824479,0.0010025314632968903,0.0028505254596985817,0.004592152216423225
0.0010719161250347137,0.0006566720114164353,0.0008464113418178559,0.002606792098335171,0.0038707736605293275
0.0010590103097909928,0.0006488784954957962,0.0007465594280676841,0.002576866576126957,0.003417546471346092
0.0009826825552338599,0.0006020801619701385,0.0006702064816074371,0.002390965782157326,0.003068892921645117
0.0010309051834696769,0.0006313069866113663,0.0006106514502482414,0.0025046964914120676,0.002791495888817978
0.0009448250152820587,0.0005787832320742607,0.0006193355936722756,0.002297483768365526,0.0028345524044222354
0.0010013022863024712,0.0006129212484769821,0.0005657175425605774,0.0024296206012882236,0.0025831908137983798
0.0009045335338169576,0.0005534265444688797,0.0005314800497310162,0.0021925862677909377,0.002425728940728974
0.0008889532633775711,0.0005440521569066047,0.000551385996879816,0.0021566848442472458,0.00251880105077095
0.0009347217977696896,0.00057163898954916,0.000509903321059227,0.0022627921365715505,0.002325720922414136
0.0008225644045228005,0.0005034750060253143,0.0005409273151473999,0.001996362213096762,0.002471504118431282
0.0008324910700971127,0.0005093519941978455,0.0005188480969684124,0.0020180051170803548,0.002368307596210313
0.0007537009709233284,0.0004613651962094307,0.0005233316663818359,0.0018292873569346905,0.0023900889949388026
0.0007682794660979747,0.0004699909345321655,0.0004942187350409031,0.0018612113185740948,0.0022539929816014293
0.000805738778477335,0.0004929618195705414,0.0004977430682795048,0.0019524180904544831,0.0022706749686486243
0.0007206929140442848,0.00044090371887016297,0.0004720917735414505,0.0017459734455265046,0.0021521619403249742
0.0006973965280407905,0.0004267461479716301,0.00044736404159831996,0.001690229220739746,0.002040165070768368
0.0006191933837437868,0.0003789231994264126,0.0004385756217108965,0.0015011129253126622,0.0019988457347712638
0.0006992316313737868,0.000427844467859745,0.0004954950530247688,0.0016947457470513822,0.0022595160981155158
0.0007720193297320842,0.00047218495915460584,0.0004962239880280494,0.0018691467367626668,0.002261993204567504
0.0008310776323729992,0.0005082442418746948,0.0004974981378929615,0.0020116176471628193,0.0022680361276007414
0.0007974742055589199,0.0004877066345028877,0.00048462850788402555,0.001930395181528473,0.0022088441235459566
0.0007184088007265567,0.0004393911988549232,0.00045489214734899995,0.0017392373569823742,0.0020729346230141045
0.0007697374433928966,0.0004705802382044792,0.0004662479497658014,0.0018612898730255604,0.0021241094855106593
0.0007971378222757816,0.0004874830276780128,0.0004908051435070038,0.001929330174676323,0.0022366569621003387
0.0007394117639118671,0.0004523026377968788,0.0004845625367181301,0.0017907706730581762,0.0022081824866569755
0.0009739050470942497,0.0005962572650127411,0.0005809933040456772,0.0023642421961344723,0.002654271969336939
0.0008641239859813691,0.0005291153819375038,0.0006277311314063071,0.0020992849469698904,0.0028680524417645454
0.0009149671108180523,0.0005604871020727158,0.0007934510801153183,0.0022251386650420668,0.003629759205270481
0.0010912614860290528,0.0006687630520277023,0.0007256738040761948,0.0026572579250253676,0.003328424023229551
0.0009409969852024556,0.0005766258419566154,0.0006804169137196541,0.0022915036112584114,0.0031224212036914346
0.001250194592093849,0.0007656446651630402,0.0014021860603408813,0.003038003903678799,0.006419265853751374
0.0010910349183434487,0.0006682376072816849,0.0014964793864803315,0.002652809402398014,0.006846683692324829
0.001169180033420944,0.0007161306844167709,0.0013927437905387877,0.0028426960811532976,0.006375018452990723
0.0012456996001953124,0.0007631329552345276,0.0014606697503643036,0.0030294334888972285,0.006684705754507256
0.001210049908673191,0.0007413004891090394,0.0018639987949447632,0.00294429837321415,0.008529137497533035
0.0009129280746633052,0.0005590876371674538,0.0020267913583831786,0.0022217507161714075,0.009274804108727646
0.0011622175492996215,0.0007116406665258407,0.001422747427614212,0.0028247787505902293,0.00650948323844738
0.001210056261038208,0.0007410034791641236,0.0011700476650314331,0.0029403298661626817,0.005355115702140999
0.0013086220391744614,0.0008015051291399003,0.0010643065367059708,0.003180704714409256,0.004873328296232891
0.001443409878825569,0.0008840227530412674,0.0009296956304626465,0.0035079164550222398,0.004253321861613465
0.0022594295778030392,0.001383660043876648,0.0008169986847953797,0.005491715322486305,0.0037390127876288414
0.0018574176021570205,0.001137520249288559,0.0008856601510362625,0.004514995871535683,0.004054137107122612
0.001395290932869339,0.0008549535081796647,0.0007569802794771194,0.0033953559056438447,0.0034719372698552133
0.0013503701471442222,0.0008273455307893753,0.0006987835634665489,0.0032857142836369515,0.003204817044127655
0.0015891240783685685,0.0009732566730194092,0.001073728958161354,0.003860817451826477,0.0049099165508038525
0.0017798823871368408,0.0010899746970348357,0.0012088026348667145,0.004322974391333008,0.00552767697213955
0.0018936526604646682,0.0011597004191093445,0.0009812700841741562,0.004601478470913315,0.004492476955939007
0.0025690518804544447,0.0015733633891754151,0.001132058644683838,0.006246062903157616,0.0051871632301694875
0.0020976231583112715,0.0012842103497200013,0.0010822771582918167,0.005094498266331101,0.004953442091632557
0.0014224137060994148,0.0008715405569486619,0.0007584586683826446,0.0034611100599683765,0.003479302037645054
0.001773076594685936,0.0010858739570789337,0.0007676539067344666,0.004308961553923035,0.0035122916081435206
0.0018521543391698838,0.0011340701238327026,0.0009657281581478119,0.004498757265559579,0.004414026745546532
0.0014533402316922188,0.0008900185630731583,0.0008962645773010254,0.0035310956925667767,0.004099281320858669
0.0013152017750495911,0.0008054085926227569,0.0009173022154884338,0.003195955626717949,0.004199186653781605
0.0012055046089643477,0.0007381108508520127,0.001274520242603302,0.0029280748397625925,0.005832351675022315
0.001010419974541092,0.0006190285937004089,0.0018358192388134003,0.0024594544470824243,0.008405595743048859
0.0014803750940317155,0.0009075220332555771,0.002238019431026459,0.0036169847891248707,0.010253139078009796
0.0016134841569417954,0.0009881930903606416,0.0012227781061248779,0.003921208979240799,0.005609863665092659
0.0014397925355190276,0.000881266604464531,0.0009999096486883164,0.0034961208746351244,0.004577183830130768
0.0011011632897609711,0.000674133728545189,0.0006121966932134628,0.00267435513292923,0.0028005174027270797
0.0011830441065782548,0.0007243333266191483,0.001246889913471222,0.0028744797796525,0.005710047044742775
0.001074588645314598,0.0006577781991176605,0.0009550805036144256,0.00260885792081728,0.004364729795742702
0.0009993291833156586,0.0006120813147239685,0.0008819713983850479,0.002429827715507889,0.004040590188790036
0.0010875414826625825,0.0006659641222171783,0.0009490513894872666,0.0026429420412100793,0.004344687158752155
0.000946581845795536,0.0005794754431657791,0.0009820093456821442,0.0022983921982861998,0.004488840709019375
0.0008545126386636734,0.0005231896669678688,0.0009155506435947418,0.002075308018229151,0.00418693810342617
0.0008447989963644982,0.0005171989531331063,0.0007845860216932297,0.002052064500800514,0.0035904047736413005
0.0007376902364844321,0.00045175345550107956,0.0006840043012218476,0.0017932003640152455,0.003133948710698557
0.0006372588709646701,0.00039009566168117526,0.0005657218340950012,0.0015467136513955832,0.002582557961482477
0.0008236800842637062,0.0005044739277176857,0.0008706896696405411,0.002001953942380095,0.003982264886189175
0.0007803136200362681,0.0004777389646582603,0.000645403603108406,0.001895295261643076,0.0029495370769388202
0.001111708215689087,0.0006811891899518967,0.0007982550058679581,0.0027061439738191606,0.0036601940938717843
0.0010217727460617066,0.0006259375170879364,0.0009003870878534317,0.0024860264212407113,0.004129911985386085
0.0009579225697273254,0.000586702029507637,0.0010607544873075486,0.002328578475169087,0.004860265611994935
0.001517114033615017,0.0009292738542966843,0.0013077646140174865,0.0036867492989219666,0.005988419997084809
0.0011363826268071175,0.0006959940002374649,0.0013742625657634736,0.0027618676290430072,0.006287141805279922
0.0007474742659086227,0.0004579306722693443,0.0018309723083095551,0.001819213679484272,0.008390969097006989
0.0015673106410259248,0.0009594585404806138,0.0011432093028144836,0.0038055711523212435,0.005232571812856865
0.0008554794759208202,0.0005240167261176109,0.0011115050558166504,0.0020797537923373226,0.005090445023167801
0.000830993116711998,0.0005090044693164826,0.0011813388709144591,0.002020358204147959,0.005412397002566528
0.0011059366174692154,0.0006774181381874084,0.0012722070161418915,0.0026887756377972603,0.005828049095857811
0.001230726710771942,0.000753723810713768,0.001272258872182846,0.0029909992605961803,0.005826807888735009
0.0011467683055156708,0.0007022778795175553,0.001301876897008896,0.0027869289815939903,0.005960556938636971
0.001343749303435707,0.0008228708461933136,0.0012320965472774506,0.003265390491536999,0.005644962879408074
0.0013025276385897637,0.0007976307229213714,0.0011786615792827608,0.0031649439961232186,0.00539881680845089
0.001208685391461277,0.0007400968478136063,0.0015838139001445768,0.0029377441302455903,0.007245581122625543
0.0009714616500491142,0.000595068688791275,0.001721721464784622,0.002363694442860031,0.007884728073466492
0.0008863522984737396,0.0005429167107753754,0.0016994929257946015,0.002156367079965019,0.007783281847227288
0.0008881683082038402,0.00054393302212286,0.0016509140972213745,0.0021599812940277102,0.007554947098482322
0.000984210919653797,0.0006026225046329498,0.0014088414255695341,0.002392088596574211,0.006449981238830758
0.001037000460242653,0.0006348652497940063,0.0014938639644699095,0.002519896334461117,0.006836295931924058
0.000894406148111248,0.0005475666106753349,0.0014495777432041168,0.002172931341133261,0.00662910008369751
0.000854177788710022,0.0005227308080606461,0.0009212069753723144,0.0020718466572977544,0.0042017827772981645
0.0007326248825246333,0.00044870481203126907,0.0008025976810770034,0.001780645039729023,0.0036697756820804595
0.0005798078627044201,0.00035517910058426857,0.000725191229970932,0.001409755339524889,0.003318646761167717
0.0006475403380298853,0.0003966196321957111,0.0008037232253866196,0.001573782841540122,0.003678633981335831
0.0005944753640049934,0.0003641078391187191,0.0007940413896160125,0.0014447173458106755,0.0036336759486681938
0.0006575657755786418,0.00040273179421949386,0.0007330080140547752,0.0015980879523374081,0.003354574195433331
0.0005567549475187302,0.000341017439316988,0.0007707341555671692,0.0013532904707409382,0.003528104137767029
0.0006469761457944154,0.00039616696472096445,0.0007600937429981232,0.0015714980684734823,0.0034764086776859285
0.0006515311383360862,0.00039899020205068586,0.0008034687284545898,0.0015829059303320886,0.0036744506233818055
0.0007194306918138504,0.00044052505801248554,0.0007048749718980789,0.0017476949051536562,0.003222373694319201
0.0006762690000885964,0.00041418120573091506,0.000725381286831379,0.0016436167292810918,0.0033177737311906336
0.0006673043892437458,0.00040867011557149885,0.0007382108513431548,0.0016215490460909845,0.003375937146086168
0.0006761920415514946,0.0004140799076371193,0.0006865215543823242,0.001642896705917263,0.0031389496730155468
0.0006918767244273663,0.0004236454919986725,0.0006532535571770668,0.0016808098681785108,0.0029869147637373926
0.000737678152387762,0.0004513610036187172,0.0005646065715866088,0.0017886692084886076,0.0025764893160647867
0.0006827807583564758,0.00041758454899120333,0.0005094331298189164,0.0016531993970788955,0.002320201072234583
0.0006188294735455751,0.00037849951098489765,0.00047176947260069846,0.0014982138582087996,0.0021474211619681837
0.0006187409602755546,0.0003784548075013161,0.0004581116195933819,0.0014979835145689487,0.0020860571220032097
0.0006469681688302993,0.00039567978615689275,0.00046538894997704024,0.0015659200374551058,0.0021194009877256274
0.0007050611675435542,0.00043112311075258256,0.00047813051009345056,0.0017057686389006614,0.002177808076281023
0.0007450595275217532,0.00045558816502618785,0.0004862024281339645,0.0018027584724642277,0.0022149505869931696
0.000772866640304947,0.0004726250425987244,0.0004951511267738341,0.001870542009226227,0.002256151773545814
0.0007736686081344128,0.0004730481387190819,0.0004771495144979954,0.0018716417715467454,0.002173971358079386
0.0007125640407854557,0.0004358022467308044,0.00045356857219505306,0.0017248954065658094,0.002066770029019487
0.0006971982539350032,0.00042639810900020603,0.0004480681438164711,0.0016875490598894597,0.0020415722229964258
0.0007169409298056602,0.00043839605460691455,0.0004581529256122112,0.0017345108792699813,0.0020871765560916784
0.0007305217751020431,0.00044669235060739517,0.0004624811168925762,0.0017672968119896888,0.0021069625561571837
0.0007445276082211972,0.00045529057393598556,0.0004743871074335575,0.0018016064882792474,0.0021612584778553964
0.0006884512663537502,0.0004211369336657524,0.00045507664421367644,0.0016672496498145103,0.002073848303545189
0.0007317431815618515,0.0004474593953304291,0.00047438395583796497,0.0017705007873989583,0.0021610203926897766
0.0007255614907199382,0.0004437442676239014,0.00046872016975450516,0.0017561931491412164,0.002135683435711932
0.0007157309868091583,0.00043783547292280196,0.00047940473818945884,0.0017334352329887392,0.0021845971526093006
0.0006712028429562092,0.00041066044877099994,0.00047527656147050855,0.0016262159430004597,0.0021658069507665156
0.0007018910088294983,0.00042950010607767104,0.000520046765001297,0.0017016764484859945,0.002371476859364581
0.0008311648131066799,0.0005083089278154373,0.0005048989895896912,0.0020118266232825757,0.002302032188463879
0.0007766989418024063,0.0004750542522482872,0.00048735550978946685,0.0018806555845357418,0.00222103449231751
0.0006369453781002999,0.00039016117463636394,0.0005727398116307258,0.0015487022050239088,0.0026178987824804307
0.0007512023375088215,0.00045960432599115373,0.0005226522293107509,0.0018204978585757256,0.002383675291899514
0.0008232868582660198,0.0005041676641516686,0.0005946743805127143,0.0020004234605051517,0.002718810044366789
0.0007849649020189285,0.00048066869686174394,0.0006046983096914292,0.0019069698185242654,0.002763267919558954
0.0010352728360051155,0.0006344213442020416,0.0007044193092899322,0.002520426355353737,0.0032288799264914513
0.0010288332172388077,0.0006301725016050339,0.0009987828079776762,0.0025020795465029717,0.004580822730947209
0.0009660362922305106,0.0005918495462350845,0.001923599982650757,0.0023511464775122642,0.008804053443062973
0.0007764907010549544,0.0004756350399069786,0.001591803038509369,0.0018891869880773068,0.0072886914306766505
0.0009571706541532516,0.0005860963867120743,0.0007694879565553665,0.002325580284050846,0.0035240028464681625
0.0008003158666843414,0.0004901918576173782,0.0009867472443895338,0.0019457214564599038,0.004519012453544807
0.0008455312707180023,0.0005178907618932724,0.0014661841932849884,0.002056165912053728,0.006716510870445442
0.0009520887256318569,0.0005830863894038201,0.001650512481124878,0.002315040156296635,0.007555780830372047
0.0009616976999396324,0.0005889310793094635,0.0016726761106567382,0.0023385547131814007,0.007650834839928818
0.0008106593423241615,0.0004964392365031243,0.0009506613407449723,0.0019694367439068794,0.004347872651506138
0.0008176937834078312,0.0005009078414254189,0.0008075444791631699,0.001988551896861935,0.003698091332007122
0.0009729213067049026,0.0005960472033433914,0.000710006082447052,0.0023670894846834186,0.0032528473706430914
0.000864140049433136,0.0005292920724563598,0.0007131012175397872,0.002101273810914898,0.0032621051834411142
0.0008752117105478286,0.0005359977067523002,0.0011551275197582245,0.0021271600738681793,0.005285633825648499
0.0008088317961150646,0.0004953346581273079,0.0013047806564884185,0.0019657337792731763,0.005974160813677978
0.0008609482780748844,0.00052727404544878,0.001049412274749756,0.0020920777090407848,0.004803904193032456
0.0007322780214900017,0.0004485259757452011,0.0010139225367622375,0.0017799955025829316,0.004642556249488068
0.00082839284545722,0.000507323998313427,0.001018910774977684,0.0020130224951125622,0.004664830813694668
0.0008060049936825275,0.0004935894564800262,0.0008300039563493729,0.0019586338222540856,0.003795345830310059
0.0008358507410341739,0.0005119924278073311,0.0009383633230047226,0.0020324437089778427,0.004298912134159279
0.0007819473826045036,0.00047897535125541687,0.0009119141940193176,0.0019014682584024907,0.0041790925720221524
0.0011582918607348442,0.0007092487172298432,0.0013570443932132722,0.002814509750954056,0.006215567841518593
0.0006523127347880841,0.0003993842409067154,0.002166908347995758,0.0015874393910683634,0.009915275966513825
0.001025628412579918,0.0006283265606575012,0.0010080127362327575,0.002494617582909012,0.004627152215827179
0.0008555416122728824,0.000523986595969677,0.0010594974700527191,0.002079598102024937,0.00485441479026146
0.0008189685643369197,0.0005014799119048118,0.0006362884286956787,0.001989810629985476,0.002911105997253132
0.0008114237800890445,0.0004971264631562233,0.0008305906895713807,0.0019743613809861185,0.0038075341576225283
0.0008281660952323914,0.0005072773502283097,0.0010217337999658585,0.002013607397726917,0.0046835650795585635
0.0007821531043106555,0.00047907302836704255,0.0010796024147586823,0.0019014818236745836,0.004947580041874122
0.0007667112716192245,0.00046964262733983995,0.0007301561553196907,0.001864343034527445,0.003344348118591976
0.0008144066900664807,0.0004988633499555588,0.0006172093618826867,0.001980260678432131,0.0028258387425429345
0.0006952701286131382,0.0004259601489715576,0.000709076987596035,0.0016913076155401709,0.0032465486527866842
0.0008052167893105983,0.0004931812689714432,0.0009015644435005187,0.001957207074812794,0.00412458765595026
0.000979441826855564,0.0005998325602226257,0.001217737341316223,0.0023800151497639656,0.005571935805071068
0.001087492562150383,0.0006660812006406785,0.0012557598892765044,0.002643580584279442,0.005752024751294327
0.0011212539949172974,0.0006866178915910721,0.001383273983390808,0.002724917246452713,0.006330648564685059
0.0010536928691619873,0.00064540677825737,0.0009146874640302658,0.0025612232462085723,0.004181179555643273
0.0012690351226085663,0.000777425284784317,0.0019307319764213563,0.0030869445682085994,0.00883443688689537
0.001306340517913723,0.0008001253114156724,0.0018272273186759947,0.0031779515848077778,0.00835703269778557
0.0013663948275798798,0.0008375322030000687,0.0021931698564605713,0.0033310607716955185,0.010043649446356964
0.0007402569205218791,0.0004534805075340271,0.0017927114013748168,0.0018009865642107964,0.00820881174444027
0.0008787642159217835,0.0005381289453320503,0.0014149903003292082,0.0021362764686860087,0.006477802243221474
0.0009005357422584533,0.0005516697646193504,0.001804825956018448,0.00219112352361455,0.008268762865055275
0.0008300655618959903,0.00050836013565588,0.0016750647965984343,0.002018729130230093,0.007664524864543151
0.0009181317933553694,0.0005623229847364425,0.0019044717196540833,0.0022331383631147388,0.00871411982117958
0.0007711339779848099,0.0004722433419041633,0.0018292370084838868,0.0018754131831742763,0.008370198067415428
0.000736426444416666,0.00045094179670143123,0.0017841663304882052,0.0017905753508724214,0.008162231772530747
0.0007916562058681488,0.0004848241985850334,0.0018008807841854097,0.0019250144675888063,0.008241916453231048
0.0008436803959959984,0.0005166437135152817,0.0017680539433078766,0.0020516060300685406,0.008087690752137375
0.0008417577103430271,0.0005155348659567833,0.0018419302050189973,0.002047177367708826,0.008428967183221054
0.0008250076555365562,0.0005052400560193062,0.001840965772064209,0.0020064050362028126,0.008421484419096185
0.000816138695245409,0.0004998206750564576,0.0019240793828086853,0.001984946105680609,0.008797937231648637
0.0008638573691898822,0.0005291262001805306,0.00274985464850235,0.0021135752961553575,0.012535629969227982
0.001067408501421833,0.0006535985128097535,0.0014646660629825592,0.0025932619363583567,0.006710119062054825
0.0010611987360471726,0.0006499941603355407,0.0019353934768753054,0.002582890620879078,0.008853490232814025
0.0008540578604394435,0.0005229611427597999,0.001607232177646637,0.0020759891190148833,0.007352460896361542
0.000650206323405528,0.00039809951866793636,0.0014452126268463135,0.0015796059340752603,0.006603267052162361
0.0007869453430825711,0.000481512206893444,0.0008024409506635665,0.0019080054782845022,0.0036586758607513427
0.0008163585454875469,0.0005000647784285545,0.0007339514587240219,0.0019852484427906516,0.003359356211263609
0.0007380541101747989,0.00045204532454538345,0.0007835025433616638,0.0017941677541054727,0.003583481165159416
0.0009942585357183456,0.0006088691459112168,0.0007030177656726837,0.002416885913959885,0.0032179403597003935
0.0008700030632966995,0.0005325622440390587,0.0006500200424509048,0.0021128377177335265,0.0029704570309705258
0.0008577318274134635,0.0005250481919460297,0.0006727760378437042,0.0020830744468189714,0.0030744768226034164
0.0008650254741961003,0.0005294470817856789,0.0006620649043636321,0.002100127057782555,0.0030244815917200565
0.0008935004249865054,0.0005467755825333595,0.0006277491469101905,0.0021680992670871256,0.002866571465272379
0.0009201799929791927,0.0005628913224749565,0.0005817667413668632,0.0022303387746728898,0.0026541533605641842
0.0009338856585973739,0.0005710795925073623,0.0005477633495049477,0.0022612280518330575,0.0024971723531819106
0.0009373667911345004,0.0005731116787605285,0.0005264649000184536,0.0022684386589147095,0.0023994841979331494
0.0009225670949274539,0.0005640171797089577,0.0005136101674454212,0.002232041437975311,0.0023406417427099466
0.0008925875463241576,0.0005456039265804291,0.0004986468721346855,0.002158488227478409,0.0022717556150145053
0.0008235103958004952,0.0005033128888421058,0.0004776257518844604,0.001990639086864138,0.00217488557449348
0.000781077656214857,0.00047735520760345455,0.0004554287009106874,0.0018876370892442703,0.002073496432553899
0.0007061090157085895,0.00043169004033136366,0.0004330544341521263,0.0017081248291350843,0.0019715592864415765
0.0006803390041643619,0.0004159628630690575,0.00044866164961624143,0.0016460039511837006,0.0020416265513262867
0.000646056294133687,0.00039517051289606094,0.0004413701873438358,0.0015644933786757233,0.002009909728493464
0.0006557685308808327,0.00040107425610351563,0.0004546327497975826,0.0015874962233520984,0.002070350314441991
0.0006811727703267574,0.0004165866107754707,0.0004551843628453016,0.0016485606059946061,0.002073608253475201
0.0007176574327701569,0.0004389597878866196,0.0004871153962032795,0.0017377480142332555,0.0022194462371505023
0.0007353283249491691,0.00044976035068559645,0.0004838903639631271,0.0017804004215218067,0.0022049186018741848
0.000754399000918293,0.0004613795460276604,0.0004801790584044456,0.0018261134379126073,0.002188044207308364
0.0007552566432112693,0.0004618478373699188,0.0004673316572027206,0.0018275696211077215,0.002129524761948657
0.000714620418166542,0.0004371194572262764,0.0004635571520941257,0.001730467984876776,0.002112452473442924
0.0007087175742441654,0.0004335034147911072,0.0004648621250109672,0.0017160546616233827,0.0021183050559348583
0.000733045708453083,0.00044841978261995314,0.0004905358497219086,0.0017754617758609296,0.0022354714868105174
0.0007311468259150028,0.00044722472439336775,0.00048159590178894996,0.0017704714403070452,0.0021945733548588277
0.0008006194294148921,0.0004897735671215058,0.0005206211935894489,0.0019397605389870644,0.002374115036938262
0.000788444099640274,0.0004821905599050522,0.0005060359221117496,0.0019087677933789732,0.002305564678225589
0.000825885523175621,0.000505301612716198,0.0005282774139361381,0.0020017149098731516,0.0024094639216995957
0.0006956405372077465,0.00042555701295661925,0.0005089418273584842,0.0016853896104313374,0.002318638845670891
0.000752493218397522,0.0004605237872414589,0.0005338955242352486,0.0018251699865378382,0.002436512437973094
0.0007734234944635868,0.00047353469143438334,0.0005743306074457168,0.0018786740795291902,0.0026256686778254033
0.0005957552012706041,0.00036496316204595564,0.0009402207527475357,0.001449077516845608,0.004303074669230652
0.0006930817388648032,0.0004244398281984329,0.0008573671821670532,0.0016840903588153365,0.0039258620256073
0.0007251357362324238,0.0004441508905105591,0.0007983666304664612,0.0017629725046969893,0.0036569275551921847
0.000683327244287157,0.00041850405494499207,0.000814716974289894,0.0016608088054276943,0.0037275720426327708
0.0008086147934848308,0.000494852843981266,0.0005794626344161034,0.0019613834053792004,0.0026451272533721446
0.0008410216026658059,0.0005151631788425445,0.0009065527711229325,0.0020451505564667224,0.004152714675057602
0.0007336417720371723,0.00044934970448541644,0.0012061544004993438,0.0017834182069219589,0.005522042136777115
0.0011714408912414551,0.0007175140337162019,0.001317980343492508,0.0028476462528623583,0.006034925659883689
0.00092925073212924,0.0005691427246742248,0.0010106679890470505,0.0022583649814642906,0.004623917728055191
0.0009195966341251373,0.0005631042228155136,0.0011618251744823457,0.0022344585389412882,0.005319845005262566
0.0009831110843175888,0.0006020152525119781,0.0013789712730960845,0.0023893539086498263,0.006316137056935501
0.0009901978411430358,0.0006068280295543671,0.0006532612014727593,0.0024111711219467168,0.002999160149831247
0.000898644161289358,0.0005506313697509766,0.0007406933698968887,0.002187649129382515,0.003399175687272024
0.0006023973290527105,0.0003690296814851761,0.0008048012945966721,0.00146493022186234,0.0036819413491971016
0.000646373602067852,0.0003957956352345943,0.0009404739979820252,0.0015697696932174207,0.004297278558600617
0.0007473538995439053,0.0004577041150145531,0.0011776289288120269,0.0018162494458772184,0.005387759449470711
0.0008125391677671909,0.0004975730286054612,0.001504621947200775,0.001975211560032511,0.006883096381414605
0.0008534383223110676,0.0005225947753601074,0.001266561144979477,0.0020740422808147906,0.005797965746510696
0.0009079837442094326,0.0005559695915393829,0.0012473483923988342,0.002206400325200701,0.005709813910115432
0.000891222883080864,0.000545681174200058,0.0014238613490180968,0.0021659037322319984,0.006515044172990991
0.0008489733398610593,0.000519854429464817,0.00134253122845459,0.0020631499879576205,0.006141334264863204
0.0008215651848072051,0.000503144401412487,0.0008922727350311279,0.001996355563453579,0.0040816884347683905
0.0009121777289265633,0.0005586486936621666,0.0011983514968471527,0.00221739457925334,0.005491866513479424
0.0008671673529500007,0.0005311037705354691,0.0011381939295845031,0.0021079329409219266,0.005216112344849777
0.0008393845908993721,0.0005140897587947845,0.0010161752347068787,0.002040330806425953,0.004654533898223115
0.000856992872124338,0.0005249602154903412,0.0010020043645219802,0.002083568559638405,0.004590575189281177
0.0008133947656208515,0.0004982920170836448,0.0006517660711126327,0.001978467136672878,0.002986087564516735
0.0008190257721299171,0.0005017372922115326,0.0007171183396296501,0.001992333859256649,0.0032862425790614607
0.0007438024894052982,0.0004556043476872444,0.0009337509069757461,0.0018082455806948186,0.004271660900998783
0.0006539816544109821,0.00040059177140522003,0.0011401642803268433,0.0015898192540325165,0.005219360714543533
0.0007453569934422015,0.0004565397233777046,0.0009274063650684356,0.0018116170384503841,0.004245460815120411
0.0006829019278937816,0.0004183200554065704,0.0009393680785017013,0.0016601644106723308,0.00430054346411295
0.000781765317981863,0.000478833149474144,0.0010745473448352813,0.0019003543988384247,0.004922111002493573
0.0007758241043144703,0.00047515707026052475,0.0010616591070013045,0.001885692733577633,0.004862729244816971
0.0008337725684696674,0.0005105507628135681,0.001331939810903549,0.0020261900298811438,0.006098287650335503
0.0007372182630652428,0.00045155570964145657,0.001457629466445923,0.001792758207074547,0.0066762937182075505
0.0008782694616073607,0.0005379457281045913,0.0008165484313087464,0.0021352628857411386,0.003738109033692551
0.0008133189753347873,0.000498138371210575,0.0010322238747196197,0.001976865902594471,0.004722842139888477
0.0008311743051463604,0.0005091430948190689,0.0007289796043353081,0.0020215328857816697,0.003337979174543095
0.0008102421671802044,0.0004963678450398445,0.000697327146323204,0.0019712914623834137,0.0031944776663071633
0.0007901487604433536,0.0004840129421167374,0.0007790967021303176,0.0019218421444810868,0.0035678615534193037
0.001069127144729519,0.0006547414467744828,0.0010509878043251037,0.0025987852186478617,0.004817196541417313
0.0010400337510460852,0.0006368522749357223,0.0012565570417957307,0.0025270029411233906,0.00575286624072857
0.0009370131396407126,0.0005738085390143394,0.0012568904403762818,0.0022770894013859275,0.005754231160271836
0.0009279942416304588,0.0005684207187108993,0.0011813415531234741,0.002256137350998068,0.005411373414982033
0.0012593583532327652,0.000771223525803566,0.001592643464000702,0.003061108133248234,0.007289579465377999
0.0006405564603114366,0.00039241179386901854,0.001976389968784332,0.0015588662732906582,0.00904892156063385
0.0009874723844880103,0.0006048827574663162,0.00085597019830513,0.0024017529219902993,0.00392842589407034
0.0007659391306990623,0.00046925227652120586,0.0014490041975097658,0.0018635683954276085,0.0066429460757858275
0.0007393513799363613,0.0004528675110154152,0.0017355099860744475,0.0017982102051891328,0.007950280141223145
0.0006700676680261135,0.0004102683545165062,0.0017480251733379363,0.0016289985970176697,0.007995684640992356
0.0006775400937253475,0.00041486230800676343,0.0014297950212078096,0.0016468355112291815,0.006538777768004609
0.0006496073574477673,0.00039771039719510077,0.00177248808184433,0.0015786670044578553,0.00810372478007145
0.0006873064898604393,0.0004208540723733902,0.0016838366035537718,0.0016705815643586158,0.007703233378518295
0.0008539548353010654,0.0005228983790688514,0.0014064096454696655,0.0020756060995675563,0.006436043381083679
0.0007344549477750302,0.00044980717758464814,0.0015720398072319032,0.0017860342652119636,0.0071949660026914605
0.0007233605422729491,0.0004430272237472534,0.00116695829668808,0.0017583657205618858,0.0053459752732402804
0.0008829302356297016,0.000540704737704277,0.0012023356501178742,0.0021460844263948443,0.0055071917468196875
0.0007016274221891402,0.00042967983643341063,0.000983072081597328,0.001704522229782486,0.004496553137291146
0.0009744882234090804,0.0005967959866933823,0.0010964631829576492,0.0023687151894487384,0.005023117906737995
0.0007368555576259136,0.0004513011456542015,0.0010723749343471527,0.0017907855682589055,0.004906651849437428
0.0007313262619728088,0.0004478611678891182,0.000994187066348076,0.0017766392946757317,0.004547632485020828
0.0008697278306538105,0.0005324559168033599,0.0009613672439174652,0.0021117579930044652,0.004389434308696461
0.000988271979307556,0.0006054176346473694,0.0007185352835969924,0.0024043058530010225,0.003291403387624693
0.0009610528253668786,0.0005885317430906296,0.0010125399921255113,0.0023358147055424694,0.004630986688423825
0.0009648776792639732,0.0005908064798526764,0.0008764400128440856,0.002344633196345711,0.004007065551865769
0.0010073578425401687,0.0006167990968637466,0.0007739088181571961,0.0024480438367046357,0.003536769110847187
0.0010221216880434989,0.0006260562942438125,0.0007109339703040122,0.0024861526757992743,0.003254339473087263
0.0010378588326925278,0.0006357060329132081,0.0006475929115133286,0.0025244682744659424,0.00296532082198925
0.0009227770515436173,0.0005654043511562348,0.0006407417003231049,0.0022462508388377666,0.002938781547684145
0.0008663197868222236,0.0005306842730455399,0.000627074683101654,0.00210726904054656,0.0028721260712928293
0.0008280578859800338,0.0005067232505493164,0.000509177627058506,0.0020078856014229297,0.0023242743955440045
0.0008009497523957729,0.0004906697825603486,0.0005915806982831955,0.0019483630493797304,0.0027093663567192075
0.0007745557487660885,0.0004740564928464889,0.0005358537379817963,0.0018791134879507065,0.0024465464645511627
0.000743132424419546,0.0004549584941082001,0.0005543894227759838,0.0018043978311635496,0.0025326032025254487
0.0007152538657838345,0.0004375443191342354,0.0004911657329814433,0.0017325768083848,0.002238724602896643
0.0006699675270074844,0.000409940834444046,0.0004973832052366734,0.0016238703035332204,0.002266719284418893
0.0005809852589571715,0.0003556033925228119,0.0004922405723648072,0.0014092256732799054,0.0022425387119389293
0.0006548533522242546,0.0004009179056696892,0.0005545765068547725,0.0015900995143271924,0.002533518745887947
0.000725994400745058,0.0004444627643637657,0.0005725366566495895,0.001762858396819973,0.0026158649788684367
0.00069206214777174,0.00042334765503931047,0.0005096479412333966,0.0016764746554709911,0.0023221214217580078
0.0006614185944849491,0.0004046872139983177,0.0005048891771750449,0.0016029855475343706,0.002300565604258251
0.0006130216230356932,0.0003751301535480022,0.00046797652730512615,0.0014858858187265635,0.00213237206148721
0.0006242825408184767,0.00038208556855845455,0.0005070585813539029,0.0015141708296306372,0.00231164067289598
0.0006464286011362314,0.00039567907090115546,0.00048758510688114165,0.0015679376721896173,0.0022234695447123764
0.0007479979709440708,0.00045788777927684783,0.0005376214813606738,0.0018154858008541108,0.002455609879407954
0.0008187311903292179,0.0005010262162499428,0.0005351110343055725,0.0019856710941113472,0.002442846779290509
0.0007838356778675556,0.00048014235804605485,0.0006040132064538002,0.0019065523095942974,0.002765899258244705
0.0008770147234851359,0.0005367847115807533,0.0005745997447686195,0.0021285015285529138,0.0026256022283322336
0.0009414487332755565,0.000576194721560955,0.0005518941078500747,0.0022843787402428628,0.0025214984306580544
0.0007697847575599193,0.0004712634862475395,0.0005490043405609131,0.0018691926636315824,0.002508495203915906
0.0007343964622074605,0.0004494541541748047,0.0005315692778842449,0.0017815322794534206,0.002426030055943799
0.0007460070521289348,0.0004564353407435417,0.0005143861752169132,0.0018082017817117216,0.002346131328258586
0.0008108600989634037,0.0004959766225032807,0.0004981882367448806,0.0019636578493334297,0.0022717456629014732
0.0008131363996023177,0.0004974051446728706,0.0004997956063764095,0.001969615486315632,0.002279111145201993
0.0008244116649681569,0.0005042033375315667,0.0004951203037219048,0.0019958913296975137,0.0022572572746760366
0.0008433682904297351,0.0005157520578317642,0.000495113117636919,0.0020413302034653666,0.002257026181507778
0.0008622838445657729,0.0005273505331091881,0.0005047641638832092,0.002087541677109146,0.002301133691284728
0.0007673925080055237,0.00046949738572168347,0.0005285584535615444,0.0018601876281715871,0.002410571260142994
0.0008083736226612568,0.0004947072223834991,0.0005488720741288662,0.0019608314849950317,0.0025054031589514733
0.0007994209498816966,0.0004888623313121796,0.00048580561766195296,0.0019347846553243637,0.0022139646643287657
0.000817491566454792,0.0004999036894254684,0.0005009585227982998,0.001978672743640089,0.002283215090397668
0.0009749405556077004,0.0005967725173645019,0.0005739552546458244,0.002365990786305809,0.0026210475289709092
0.0006475005079710722,0.00039678960601615906,0.0007484561745243072,0.0015764211983002663,0.0034309770265109063
0.0006531582199687004,0.00040007524500417706,0.0006711747367100715,0.0015879823565997124,0.003071937247503471
0.000609124246304655,0.0003730271787457466,0.0006073370892720222,0.0014798777774490358,0.0027750785769409658
0.0007006386802250386,0.00042892584512758253,0.0005894208047704697,0.0017009683944798947,0.0026920794853455545
0.000659031456028843,0.00040364591340351103,0.0006254301984028815,0.0016019130044199468,0.0028606232659406186
0.0006409717735553027,0.0003923603736870289,0.0005784742180423737,0.0015554900721229553,0.0026392618352062227
0.0006477003336602688,0.0003965870433561802,0.0006064611021595001,0.0015731599472977162,0.002770419967312288
0.0008379712261909484,0.0005131541595869064,0.0009417620841579437,0.002036202353290463,0.004307587110388946
0.0011663751356953622,0.0007143440649919511,0.001064490580947876,0.0028346551552928924,0.004873539791393948
0.001085362621461773,0.0006646433577947616,0.0011866467837409974,0.0026366362289108277,0.005424384042013359
0.0008780261368209362,0.000537579561870575,0.0006642032507972718,0.0021329879984773635,0.003037982066858482
0.000905538485264206,0.0005547549308352471,0.0008164096269922256,0.0022035034746445657,0.003743779390443039
0.0009188901708179951,0.0005628264577202796,0.001029044294746399,0.0022343856588520053,0.004718365628410054
0.0007871668726855754,0.000482166643541336,0.0015039616767482757,0.001914810723117733,0.00688820084570713
0.0007708227120989799,0.000472122240167141,0.001098639750869751,0.0018735061541713715,0.005031496871400547
0.0011272350751513481,0.0006904715106897354,0.0017272539679126738,0.002740903165987873,0.00790501772700615
0.0008156700075322628,0.0004996214763336182,0.002131383026035309,0.0019856533617295265,0.009756661128390503
0.0006988505989963055,0.00042794659296798706,0.0015418119374828337,0.0016992860347546579,0.007052042635667992
0.0007164724976474285,0.00043868079344558717,0.0010384835694150925,0.0017399097689010145,0.0047457981431371695
0.000683967226808691,0.00041881592879819873,0.0010448906514959335,0.0016613353685058594,0.004774941808868122
0.0006347156432175875,0.0003887017847113609,0.001293897056968689,0.0015428139459855795,0.005918377127636147
0.0008068043694550036,0.0004940812618546486,0.0011335010472850798,0.0019607516006149295,0.005190705161679458
0.0008857118778580666,0.0005423940376453399,0.0010655129049139023,0.0021524491102017404,0.004877613931287003
0.0008476592399829863,0.0005190925032906533,0.0011841507200317384,0.002060024566999817,0.00542110260068245
0.0008226894803995133,0.000503891351919651,0.0011946206335144043,0.001999925091914082,0.005472911157596779
0.0007809686072820664,0.0004783533469848633,0.0011669612471179962,0.0018985132456339837,0.005344387834656907
0.0008441693820709227,0.0005170489729456901,0.0010334812943058012,0.002051826532236481,0.0047308728316313746
0.0009064183973425865,0.0005551495061330796,0.0010365956518964769,0.002203106003306055,0.004744188452649784
0.0009205811411792278,0.000563840556245327,0.0009134858343915939,0.002237786375037575,0.004179974074054432
0.0009385873579138755,0.0005747647688798905,0.0009735466186122894,0.0022807093784727095,0.004450061152268123
0.001208994685923481,0.0007403704331331254,0.0009287130925970077,0.002937570352903748,0.004239333579827023
0.0011358403392786025,0.0006956544325761795,0.0009218604061918259,0.002760347786597157,0.00420970323025055
0.0011924585305804253,0.0007301973507814408,0.0010550218913869857,0.0028967977554120064,0.004817922484267425
0.0013027088635319708,0.0007977024273090363,0.001468739354999542,0.0031652986437596324,0.006719750666011047
0.0013162503533715247,0.0008060163811855316,0.0016527007166461946,0.0031999244884170536,0.007558230581272316
0.0013049979784244537,0.0007994307533912659,0.0016462601069526673,0.003173734647087002,0.007530034764993858
0.0009596830510252953,0.0005881650404148101,0.0021705182437019347,0.0023386861101306914,0.009942978566277695
0.0007935032107585907,0.0004860100255422592,0.0016549676302986143,0.001929882361046219,0.0075750689440853124
0.0008825622000450135,0.0005404692621045113,0.0013626864198760988,0.002145523462495947,0.006241947575796318
0.0007084236860925197,0.0004339261979870796,0.0014395635370330812,0.001722957079908991,0.006591089340437126
0.000714533931081915,0.000437611977856636,0.0016138085965232848,0.0017373404354371071,0.007385033600915147
0.0008051715195828914,0.0004930364073328972,0.0016414423231201174,0.001957292190245533,0.007504935433853341
0.0006816696055883407,0.00041740980307388304,0.0016163993422107698,0.0016571071707226278,0.007389766927946281
0.0008799835049265862,0.0005387541011981964,0.0016026589218692778,0.0021384638466454987,0.007326666652548981
0.0008940558918470382,0.0005473593653254509,0.0015567682925777433,0.0021725861803211215,0.007116253056514931
0.0009207622200900554,0.0005638309226446152,0.001133878165872574,0.002237160421959305,0.005185349597919655
0.0008148002811426162,0.0004988300235085488,0.0009135317001657486,0.0019782572739340306,0.004168534553933812
0.0008579716839546203,0.0005253078968338967,0.0011466400269584656,0.002083995023421192,0.0052388239854461675
0.0008083907083326817,0.0004949816570692063,0.001349853390844345,0.0019643140361227038,0.006173500310767365
0.0008994279117042064,0.0005506988720111847,0.0009938558135347366,0.002184188300422573,0.0045443579846508025
0.000830532059138441,0.0005085622177534103,0.0010387805793600083,0.0020175657086588385,0.00475386925576992
0.0007994454101377963,0.0004896014587097168,0.0008997580651359558,0.0019428313442088605,0.004117727128554058
0.0008130060300880909,0.0004979278625063897,0.0009099004361944198,0.0019761804573751925,0.00416625771461792
0.0008658232071155547,0.0005301459313445091,0.0008491257373409271,0.0021033919439233783,0.0038852853724247933
0.0008402211316579818,0.0005145709247403145,0.0007982477639036179,0.002042265143296862,0.003653745532918644
0.0008322623849565029,0.0005096609623246193,0.0007602072451429367,0.0020226406276740074,0.003478651220489216
0.0008057373911792278,0.0004935183779411316,0.0007576574031429291,0.0019592392944313528,0.003469575914133263
0.0008083467893952369,0.0004950608269386292,0.0006671149898486138,0.001965127065829182,0.0030541378678268912
0.000805539847230339,0.0004934221760444641,0.0007154206354336738,0.0019591714680708885,0.0032773132370299816
0.0008008097813183308,0.0004904916838817596,0.0006682456527070999,0.0019472624891020299,0.0030601796680576323
0.0007845320650094985,0.0004805520207695961,0.0006736544836478233,0.0019079841994263174,0.003085559189457369
0.0007942963436895847,0.0004865202040486336,0.0006628516856746673,0.0019316057712353708,0.003035780761528683
0.0007963412576073646,0.0004875859127454758,0.0005885301996188164,0.0019344284117735863,0.0026914153987056735
0.001001362159168148,0.0006128562496118546,0.0005471789296882152,0.0024285366207875254,0.0024976662842071773
0.001064214503085041,0.0006519951329641342,0.0006277503539042473,0.0025887804315008166,0.002873309096831751
0.0008462183118516445,0.0005177514881901742,0.0005350860115306377,0.0020515680827714444,0.002441270517695618
0.0009614632465595246,0.000587865080039978,0.0004545786418186426,0.0023260376021780015,0.0020730858185774802
0.0008684897401088714,0.0005317403034381866,0.0005523996371941567,0.0021099595748402117,0.002525617482650948
0.0007343289226943493,0.0004495004446320534,0.0005439911019222736,0.001782483355752373,0.002484066338974905
0.0008280428082400799,0.0005066104636602402,0.0005221334118561744,0.002006854108772421,0.00238253421834476
0.0007233326867872715,0.000442803996901989,0.0005446183476762772,0.0017559622735299112,0.002486102030936551
0.000674420753931427,0.0004127264873199463,0.0005149136539714336,0.0016355667599059582,0.0023475096193588496
0.0007254054196828842,0.00044380347738790513,0.0005131690781729221,0.0017580646247185709,0.0023401073397583483
0.000783120124107027,0.00047934471378850935,0.0005571105797009467,0.0019008822031833172,0.002545162667099309
0.0008362594828659534,0.0005121234984211922,0.000615859204919815,0.0020329078540719985,0.0028193669089562417
0.000890778874670887,0.0005456185446195603,0.0006571426037864685,0.002166646098396921,0.0030109988772756575
0.0008857451365047932,0.0005423167676739693,0.0005923881102519035,0.0021517948739744664,0.0027101628319806574
0.0008493398786241055,0.000520014780860424,0.0005789370555596351,0.0020632029191173552,0.00264790210663147
0.000799200990116024,0.0004891498641185761,0.0005479065571146011,0.0019393972911454678,0.0025025016331560136
0.0008041681014651298,0.0004921418459229469,0.00054086565786767,0.001950892484984541,0.0024697832194603203
0.0007799126178676128,0.0004771824062876701,0.0005204471070485115,0.0018906368762768746,0.002374447794768882
0.0008090464987510681,0.0004948454455547332,0.0005087907742874622,0.001959410145930195,0.0023199189936257123
0.000824379465048933,0.0005042398602776528,0.0005127655286507606,0.001996806586585188,0.0023383403548485754
0.0008044225611442566,0.0004920411066226959,0.0005123415719883442,0.0019485995993532182,0.0023362090205288647
0.0007505092360729217,0.0004590467617921829,0.0005028682444410324,0.0018176935710526945,0.0022918446951992037
0.0007129132383221626,0.00043613294075059894,0.0005001800004558563,0.0017272726096726895,0.0022795131595320225
0.0006548157491439819,0.0004006654203944206,0.00047655446642804145,0.0015869225808001995,0.002171508797023368
0.0006258663058930874,0.0003830998347215652,0.0004632747098969221,0.0015180819724269152,0.002112265603382063
0.0006226696242296934,0.0003811980591230393,0.0004539100285785198,0.0015108144887305737,0.0020703317371643304
0.0006409643259549379,0.0003922968723886013,0.00048547629827427863,0.0015543577265508413,0.0022132199910915615
0.0007388902128392696,0.00045214242051172255,0.0005348553639070988,0.0017914743826307298,0.0024398576238638878
0.0006938077703768253,0.00042467930475997926,0.0005471733417527676,0.001683596157333994,0.002496284267444086
0.0008025988482588768,0.0004914413423352242,0.0005858264435248375,0.0019492231585599424,0.0026760194288081647
0.0006668278158360958,0.00040842082659530636,0.0006189118269996643,0.0016208888695158005,0.0028283358552939415
0.0007532816783243656,0.00046131215552616114,0.0009691341165618897,0.0018302197255708219,0.004428429035235119
0.0006751962900811672,0.0004135068313293457,0.0013489791695194245,0.0016415609255947114,0.006171881433714103
0.000944092996483469,0.0005780376003198624,0.0012992131952362061,0.002293953960440302,0.005948322066057396
0.0008390916154438495,0.0005139021829776764,0.001177341664226532,0.002039472204498196,0.0053920583540088655
0.0007230401129180431,0.0004428810433559418,0.000856626132519722,0.0017575859390713214,0.003921300385285091
0.0013575640179866791,0.0008319106952362061,0.0006684026289896965,0.003303189191273594,0.003063920029390526
0.0012958034776801108,0.0007938735292367936,0.0006361614484505653,0.0031517871007837295,0.0029123119892067433
0.0008852876932078839,0.0005422662303857803,0.0008100055847482682,0.0021527361088015083,0.003703245607901287
0.000871308510815525,0.0005336953208856583,0.0007080579493360519,0.002118766628257179,0.0032425161586589336
0.001107481702482128,0.0006781759516410827,0.0010436600987033845,0.002691641013375664,0.004777739424396229
0.0011360494562143325,0.0006959032521657944,0.0010367352161722184,0.0027620316535748486,0.004750812170792294
0.0010703694336766242,0.0006554731533937455,0.001220848882587433,0.002600561116687203,0.005582424413550568
0.0009669899501556396,0.0005919823602848053,0.0008769820425825118,0.0023480259329594615,0.00400397008745737
0.0012325525411123275,0.0007547435418777467,0.001540746295841217,0.0029952349946416857,0.00704706923304863
0.0008948719517046452,0.000548357772927761,0.0021876164321022033,0.002180979182622576,0.010008955257523728
0.0006758587249273301,0.00041391951153802874,0.0019158103112297056,0.0016436763987459184,0.008758688139308166
0.0005415296246016264,0.0003315908604376316,0.001085431570203781,0.0013160194866873266,0.004967972584951592
0.0008109546907896041,0.0004967308373265266,0.0015623903814868927,0.0019722506955780032,0.007160453095424842
0.0010324120812767981,0.0006324300275259018,0.0012795376721935273,0.0025101869687952044,0.005863194447148513
0.0008100614168399811,0.0004961144209914207,0.0012216547075824737,0.0019690238453961848,0.005594329794634057
0.0008619907230788708,0.0005277523950748444,0.0008914350364522934,0.0020932921998716835,0.0040726423212773324
0.0010840649866217613,0.0006638452665023804,0.00139375033417511,0.0026343514115132333,0.006380441384900284
0.0009188680470639705,0.0005627879903726578,0.001392281288297653,0.0022340207264341357,0.006373550643909645
0.0008201244392150879,0.0005024093643836975,0.0018731360081748962,0.0019949391894556524,0.008576870893824768
0.0005866529923582315,0.0003592657589428425,0.0017567923311309817,0.0014265701592482568,0.008043279626358223
0.0008657863707000255,0.0005303336189203263,0.0016638413611965181,0.002106004810384655,0.0076194090270883565
0.0006823934101218224,0.00041794056753444674,0.0015774301532821655,0.0016597081564880848,0.007225829597700311
0.0006117449802065134,0.0003745889619998932,0.0016434973422603605,0.0014871243812657835,0.007520692231643868
0.0007601733372265339,0.0004655241848044396,0.0012786715869026184,0.0018477534160531999,0.00585443454622097
0.0006027627725804091,0.0003691187978796959,0.0009166743550615311,0.0014643135782845258,0.004195292774725628
0.0006505648669505357,0.0003984585435204506,0.0010288669113235473,0.001580927173844719,0.004708670739222241
0.0007864362776929378,0.00048167347471046447,0.0009887535814361572,0.0019113826990641595,0.004525417531419468
0.0008882596508318424,0.0005440218926482201,0.001106899255903244,0.002159146808139229,0.005069189147043896
0.0007322091311866283,0.0004484310702495575,0.0008767189178781509,0.0017792850547052861,0.004009552253175449
0.0007792031244093418,0.0004772048921399117,0.0009764990601854324,0.0018934342481709957,0.004465558276463223
0.001067869522487545,0.0006539250717573166,0.0012111551109867096,0.002594389183870697,0.005534064289320182
0.0009498052329474926,0.0005816046477370262,0.0011635024491863251,0.002307164052925253,0.005313473203170967
0.0012847118102663993,0.0007866994247846603,0.0015058829430656434,0.003122023829869175,0.0068896657967454904
0.0010975398131364822,0.0006722047732286453,0.0015978338960723876,0.0026686520442880633,0.007310622825611306
0.0013130475931519509,0.0008042964593582153,0.0019319976214485167,0.003194836713425064,0.008838405483353805
0.0012055820786112785,0.0007383940474205017,0.001574752414615631,0.0029314906284727098,0.007203720187533569
0.0008958803713971614,0.0005486248762421608,0.0014707570020275115,0.0021781097285963535,0.006731984722006989
0.0012195840053910254,0.0007469371066503525,0.001177123511226654,0.0029640795544303897,0.005393190138924789
0.0009429639183634758,0.0005777169869356155,0.0017502159122543335,0.0022947252303875927,0.008016545494783592
0.001010777386342907,0.0006192093745880127,0.0016945536378936768,0.0024594101161278725,0.007758014299858285
0.0008210834272855759,0.0005029350326471329,0.0017094920221881866,0.001998020102135086,0.007831574195016098
0.0007452658698612689,0.0004563963369541168,0.0015002967063503267,0.0018121037036694528,0.006866086127746774
0.0008366471596712112,0.0005123345212154388,0.001596328729780197,0.002034155859104538,0.007303216003764344
0.000980450903689289,0.0006004412875585556,0.0017186549846248626,0.002384764413586998,0.007859349470723344
0.0010315107756012915,0.0006314827160053253,0.0012905187253074647,0.0025056698218502045,0.005905435093630028
0.0010916716151589394,0.0006682116792612075,0.0009837349448518753,0.002650251151672745,0.00449513963102169
0.0009863493301624298,0.0006039385751895904,0.0011132295821027756,0.0023962241426624302,0.005090597724307251
0.0009104791649335862,0.0005576142327003479,0.000834995010884285,0.0022132438719786648,0.003820892240989876
0.0007264159933382511,0.00044495825777578354,0.0007972144428806305,0.0017664956629790307,0.0036490117975956915
0.0008269553125554561,0.0005064386458210945,0.000805788839252472,0.0020101471894003395,0.0036872446516043665
0.0008014371686333656,0.0004908268482499122,0.000823532858880043,0.00194819991146698,0.0037681391009575845
0.0007520649813765525,0.00046060635457563395,0.0008291121665554046,0.001828071802160883,0.0037927984976655962
0.0008393504195565223,0.0005140254081301689,0.0007438864950256348,0.0020400868975140093,0.0034024172180778505
0.0008149649680310727,0.0004991339848451614,0.0007233900595622063,0.0019811711475767138,0.003308954117584896
0.000782918856357956,0.0004795075462274551,0.0007423767242746354,0.001903118256530905,0.003395067455012274
0.0007557234690243244,0.0004628407017402649,0.000751643130572319,0.0018367757417775631,0.0034368192741162304
0.0007213086918646335,0.0004417285651974678,0.0007263237927274703,0.0017527577661491872,0.0033204962210244657
0.0007628307797664642,0.0004671295316033364,0.0007007339988069534,0.0018534913488246442,0.003203254919636917
0.0006904845707768441,0.0004228846387081146,0.0007282399628477096,0.0016781850323595048,0.0033302547016627313
0.0007015193589681625,0.0004295083985738754,0.0007443743664937019,0.0017038643584169387,0.003402301671493721
0.0007653833717757702,0.00046828603307533267,0.0006242866832928658,0.0018558542773641586,0.002848039508003664
0.00077007379016819,0.00047096833149719243,0.0005503211710767746,0.0018650855780161857,0.0025084570286310432
0.0008007959813529492,0.000489698219399929,0.0005367162358181476,0.0019388619505383016,0.0024461228107548476
0.0007598130778128147,0.0004646865532808304,0.0005249334927814006,0.0018400303431369306,0.0023921618414557695
0.0006821663678342342,0.00041714652190732955,0.0004948958698825836,0.0016510124624289513,0.00225271313986547
0.0005848538309985638,0.00035782362456250193,0.0004739868883209228,0.001417092112503195,0.0021577279785162926
0.0006850508161539077,0.0004189353094511032,0.0004992754589931965,0.0016581578143455029,0.002274021073196006
0.0006383439936393738,0.0003904919804148674,0.0004809262436048984,0.0015460788764573574,0.0021900773984826327
0.0006400936321074009,0.00039151515374708174,0.0004713463317768574,0.0015497545775540115,0.0021463784357047795
0.0006369227614903689,0.00038961822847652437,0.0004673221744762659,0.0015424639974303484,0.0021284576402492046
0.0006223838590735435,0.00038078637356686595,0.00045852618293631075,0.0015078320794321537,0.002088904064286423
0.0006077967663014174,0.00037197101424264907,0.00044511127101051805,0.0014735752899713754,0.002028933804992509
0.0005765216820591926,0.0003529460833482742,0.00042812344433534145,0.0013991200775422096,0.0019523453797659993
0.0005803978659862517,0.00035529397736120224,0.0004468509908931255,0.0014082185183234455,0.0020376786756775497
0.0006105296523028851,0.0003737748445086479,0.0004522236399518251,0.0014814589296050311,0.0020630185672528265
0.0006215441238785029,0.00038046972761678695,0.00047032952869105335,0.0015077531260020973,0.0021449900904185297
0.0006566827968412876,0.0004018730626516342,0.00047873037496376036,0.0015919157535351754,0.0021827418235576867
0.0006956712037974834,0.0004257113293819428,0.00046784601548480984,0.001686096777818346,0.002133569938640964
0.0007406398147994518,0.000453285019200325,0.0005293566566126346,0.001796484046480799,0.002415648521993232
0.0007375581145936489,0.00045130778412151335,0.0005011828225271702,0.0017877994351603033,0.0022856268191225053
0.0007683042914325238,0.0004702423692755699,0.0005221387986259461,0.0018637020089246274,0.002382951390508485
0.0007200634822899341,0.00044073087285089493,0.0004576444458382129,0.0017462824322797298,0.002088007072683346
0.0007614180356914043,0.0004658181996159554,0.0005114640761332512,0.00184483626191988,0.0023314300668872117
0.0007534003653282165,0.0004614268199615479,0.0006201028395609856,0.0018316513494171143,0.002836936522412968
0.0007331305526846886,0.00044903154979276656,0.0008117341790513993,0.0017823268674828053,0.003712798207390976
0.0009643110775107383,0.0005904568539075851,0.0010780728850679397,0.002343034090153122,0.004936133172500801
0.0009383304157012939,0.0005746199742965698,0.001021295527012825,0.0022803041935481076,0.004673216923464013
0.0010007240020388603,0.0006127757833414078,0.0011836869660930634,0.0024316701099790575,0.005419595187295151
0.0008145683102959633,0.0004989492476992607,0.000954840311797142,0.001980258905193949,0.0043729391151554105
0.000798011528020525,0.0004888209358863831,0.001047744343073845,0.001940467529050255,0.004803298900414181
0.0008289105266982555,0.0005076402754597664,0.0013939042035655976,0.0020151116356767656,0.006384339755166245
0.0007406610258573532,0.0004536679492406845,0.0009381955061273574,0.0018004187733448983,0.004298883349586201
0.0006920583144480228,0.00042394194315004347,0.0007821069900112152,0.00168267691066041,0.0035823506051189426
0.0006895958603078366,0.0004224008352570534,0.0008265670631246566,0.0016762516707695962,0.003784614084053707
0.0007170210645252705,0.0004391920001320839,0.0007366684023456573,0.0017430728711701872,0.003372412975270224
0.0007092372999245166,0.0004344407350831032,0.0007534284535961151,0.0017243603319443703,0.0034495712482816698
0.0008526482560390473,0.000522201898794651,0.000709543937833786,0.002072539372793579,0.003246330420810652
0.000827764545446062,0.0005069059089832306,0.0006397901866750718,0.0020116455756641867,0.0029262712822741986
0.0006911149517351627,0.0004234240085892677,0.000732867354543686,0.001681417202255869,0.003357575446505022
0.0014168320216888428,0.0008676015541963577,0.0006599617172198296,0.0034405256018556598,0.003014615730333996
0.0007864904553348065,0.00048183328966426846,0.000830632308514595,0.0019132134788252355,0.0037993779161459925
0.0006797639325911045,0.0004164121554307938,0.0011109012458639144,0.0016528015710927488,0.005086650154877376
0.0007102628417963027,0.0004350357608013153,0.0014579703752117157,0.0017270415567375661,0.006678861057151032
0.0006641211242133618,0.0004067164615802765,0.001254371041448593,0.0016142396696425915,0.005743428983677102
0.0006582023993784427,0.0004030727253370285,0.0009370107744054795,0.0015991238780833721,0.004289403017748069
0.0007567243681007862,0.0004634696797542572,0.0009543279204683304,0.001839419373921299,0.004371753027427865
0.0008590978779548645,0.0005261426449828148,0.0011414423529224394,0.00208793090289011,0.005225829690087509
0.0008351661824339866,0.0005115040869526863,0.0008092253748493194,0.002029978553257132,0.003700651934135628
0.0008468904212767124,0.0005186411322169304,0.0012240180019454957,0.002058574856124067,0.005604210456598473
0.0006941037759834766,0.0004250398383550644,0.0006133378837423324,0.001686289706132555,0.0028029796065277574
0.0009534946427399158,0.0005840144560747147,0.0009496294502334595,0.002318431740305567,0.00434923185496397
0.0006778609246665477,0.00041520889411497116,0.0012905697766857147,0.0016484494239605903,0.0059083323323614115
0.0007132989437037945,0.0004368228496127129,0.001189814204366684,0.0017333066732205392,0.005448154791582298
0.0007110230811590195,0.0004354415119700432,0.0011395106259899138,0.0017278249733664037,0.0052170481496936795
0.0008031581484431267,0.0004918491722159386,0.0011063393894748686,0.001951493524066353,0.005065345283735466
0.0007767955050522327,0.0004757774652056694,0.0010928299073295592,0.0018879753344274999,0.005003558891404343
0.0007549565852338314,0.0004623790712170601,0.0008744224552230835,0.0018348177321769238,0.0040016536438352585
0.0008417171501273156,0.0005155321390442848,0.001000805014760971,0.002046015453390026,0.004582235420633031
0.000849110098248148,0.0005199604884796143,0.0013184574190692902,0.002063371642730379,0.0060350914263612755
0.0009141768985146523,0.0005597284169011116,0.0014169233683662416,0.0022212402895606994,0.006485713305462075
0.0010512388118261338,0.0006441587911062241,0.0020854886416511536,0.0025582594559110643,0.009547399323571395
0.0008823452704304696,0.0005409060598425865,0.0024565527681427004,0.002153211868605757,0.011241257535803986
0.0009765583642477036,0.0005983035222702027,0.0016728040520267488,0.00237618389134779,0.007661003347624016
0.0007438545861000062,0.00045566422800350187,0.0019613815788345336,0.0018096821696080207,0.008990288406003188
0.0007520056196207046,0.0004606370658688545,0.001742473090084076,0.0018296321630991937,0.007980058088291359
0.0006975194499546527,0.00042715726355838774,0.0019234385136680603,0.0016956709340728762,0.00881607437073059
0.0006256687436902762,0.00038305047089982034,0.0019252711776809694,0.0015203629773624184,0.008818387752164078
0.0006316605572307348,0.0003866978504769802,0.0021048949603157045,0.0015343995318330766,0.009636722140896987
0.0007832231127375603,0.00047978730062770846,0.0018349636141376494,0.0019055464402355194,0.008405921559918594
0.0006758550011271476,0.0004138959304504394,0.0019340838436203004,0.001642869132063532,0.0088523339503891
0.0006423589438849925,0.00039336069236326214,0.0019607169274406433,0.0015611899246044398,0.008971732359517289
0.0008866481580490112,0.0005432089374475479,0.0015616610888557433,0.0021574985832489967,0.007156995680320931
0.0007139659420305729,0.00043733363161611557,0.0019048554543571474,0.0017363822661854269,0.008723055695880126
0.0007067901790791988,0.0004328716875128746,0.0020279749278144838,0.0017182417735971452,0.009284060900796127
0.0007858632505589962,0.00048138907114791865,0.00172863888183403,0.0019114428118385317,0.007916704671967697
0.0007170281105393409,0.00043920411477613446,0.001814727420003891,0.0017436017394579888,0.008313692521441651
0.0007422354996854306,0.0004546306164078713,0.0019035452846603395,0.0018045969658113956,0.008714748590577316
0.0007595220372730732,0.00046518582413721085,0.0017181235496120453,0.0018467533983804226,0.007863196804512215
0.0008019010373109817,0.0004912041232995987,0.001847874874265671,0.001950094971112156,0.00845846177576847
0.0008152462609762191,0.0004992899552993775,0.0017430836502628326,0.0019821820706643106,0.007975154503572656
0.0009778641038292884,0.0005988297716789246,0.0016973166708068848,0.002378008730760956,0.007759651550043297
0.001005672275339985,0.000615874450009346,0.0016301833931522368,0.002445734725943947,0.007454857217658234
0.0009433741570168972,0.0005775914595537186,0.0011599377039985658,0.0022913715050138475,0.005303523131597709
0.0010960721247548102,0.0006712025658302307,0.0011944652442054749,0.002663295801035309,0.005464914354074668
0.001104461408471489,0.0006762782440595627,0.0009076789859848022,0.002683455213955784,0.0041513554715997695
0.0011962768130654334,0.0007322951958589555,0.001050013178976059,0.002905061931959534,0.004798947326231671
0.001085667973076725,0.0006647528813295365,0.000740982735546112,0.0026384756088770867,0.0033880854608006
0.0008560715966576577,0.0005242660821490288,0.0011198888365345,0.0020806225017227175,0.00512286686389513
0.0009452606999033927,0.0005788210512213707,0.0010908800307826995,0.0022967422888196948,0.004993743964422417
0.0009182311312014102,0.0005622956262044907,0.0010359994415359499,0.002231136997840548,0.004743448832023812
0.0009165098228210448,0.0005613061816506386,0.0009605842624025345,0.0022276348524309635,0.004399204323578548
0.0008483078018480777,0.0005196473629288673,0.0008721373025493621,0.0020630068876363278,0.003995365745711995
0.00079409682831707,0.00048648274252939224,0.0007361497972326279,0.0019317019694067479,0.0033722032153493883
0.000805780579959774,0.0004935698540024757,0.0006579412538723946,0.0019594947293914795,0.003012224161017609
0.0008067384362870693,0.0004941483617835044,0.0006588794458823205,0.001961805258742714,0.0030160193355268953
0.0007901447810882568,0.0004839519665651321,0.0006649723742322922,0.001921142513356352,0.003043079794336033
0.0007761327416354656,0.00047534301440048214,0.0006691856999115944,0.0018868190944708826,0.0030618651987499718
0.0007724586286300659,0.00047305017272758487,0.0006534282360391617,0.0018774771437562944,0.0029890778937823295
0.0007606408931964874,0.00046579285274076464,0.0006409048009829521,0.0018485882565893175,0.002931574278462601
0.0007598617062622548,0.0004652609036378861,0.0006201513875441552,0.0018461505860604287,0.0028357656435555934
0.0007436047264093399,0.00045521784136819837,0.0005872859228568077,0.0018056492940105439,0.0026836397872752665
0.000690392644023323,0.0004223999411873818,0.000529537269862175,0.0016734830253340245,0.0024138481081909654
0.000664859641408348,0.00040670416812229156,0.0004974792618470192,0.001610386157087231,0.0022656894193477154
0.0005706893530392885,0.00034929128299283983,0.0004714145828204155,0.001384078673324728,0.002147629850123
0.0006212266881668806,0.0003801199228577614,0.000489407354982376,0.0015056494892157555,0.0022299590879566195
0.00059575479968431,0.00036476766253638263,0.0004525876101272106,0.0014460148241884946,0.0020645081944278597
0.0005976653099709988,0.00036585249314832687,0.00047707687133717537,0.001449956112033868,0.0021750678767896415
0.0006137846187407017,0.0003757296496145725,0.0004540268890725374,0.001488993374309683,0.0020707723861075164
0.0006149417348855972,0.00037644822458553315,0.00047560279631781577,0.0014920149278409719,0.0021687266455478194
0.0006593443282598495,0.00040363491634655,0.00045785506071317197,0.0015995845653630734,0.002089034743186009
0.000668566720997715,0.00040925166318941117,0.0004597040917890072,0.0016217415310956478,0.0020969130400083184
0.0006359345853978633,0.0003893070810549259,0.0004991776812987328,0.0015433884751565696,0.0022765900453067542
0.0006566913761848449,0.0004018548683338165,0.0004660504721270799,0.001591786927781248,0.0021247805896661403
0.0006669060521477699,0.000408249299328804,0.0004631193038241863,0.0016179160357035639,0.0021126160708702327
0.0006798481926971911,0.0004160383449010849,0.00046923728847670553,0.0016480249107398036,0.002139349283788276
0.0006512853675240517,0.0003986298919730186,0.0004710151013152599,0.0015795115091420651,0.0021471449015177013
0.000754254028266096,0.0004614887342863083,0.000511001853288889,0.0018279907651759626,0.002330398211393428
0.0007593101457411288,0.0004648152322583198,0.0005605249982492923,0.0018432814866818428,0.002559505091000271
0.0007847046375924586,0.000480616773765564,0.0006492085848169326,0.0019078668110586645,0.002970031897116375
0.0007275492333525658,0.00044549883465099335,0.0005928672868924141,0.0017673702240504265,0.00270827968804903
0.0008876480714136599,0.0005437328175716401,0.0007768681440668106,0.0021588655725635533,0.003554401805389595
0.0009530603819245338,0.0005835586593561172,0.0012681065444068908,0.002315947610936308,0.0058042162859327315
0.0009141058542484284,0.0005599415631108284,0.0009010419044809342,0.002222847818634653,0.004129722333837223
0.0008787767016047478,0.000538270633023262,0.0010412558112459181,0.0021364757806576727,0.004772076008606624
0.0009035204411202908,0.0005533320860080719,0.0014009124580936431,0.0021959084295250417,0.006415830486405564
0.0008975693338269233,0.0005496035696082115,0.0012273801509456634,0.0021808006175376418,0.005616912415016365
0.0008591267556602002,0.000526049259405613,0.0009755143765525818,0.0020867690772332194,0.004458359071005058
0.0008072999999577046,0.0004943847314529419,0.0008822224084453583,0.001961795860580349,0.004035812562096786
0.000790079030459547,0.0004838925109319687,0.0010960570518093109,0.0019203973100103378,0.005021473103154373
0.000897052565282011,0.0005492715121321678,0.001288494462163925,0.002179750328562403,0.0058985970222837445
0.0010770543851608275,0.000659583459895134,0.0012042734567241668,0.002617401559702301,0.005512002649295997
0.000833029232239151,0.0005101051808409691,0.0013034699503498078,0.0020245222107089997,0.005965914543855857
0.0008561572075540065,0.0005242904455475807,0.0011297065261917116,0.0020801678434528353,0.0051722058677560806
0.00132183532348814,0.00080961156944561,0.0009509077016429901,0.0032131936297334672,0.0043577912846095085
0.0008074131742769719,0.0004945144386105537,0.0012154908124523164,0.0019625634953893663,0.005563069339979363
0.0005456693038994312,0.0003341975317411423,0.00154003300705719,0.0013275596764452697,0.0070509345316774365
0.0005963138808214903,0.00036506881872940065,0.0018911246899681092,0.0014483409580357313,0.008654863613236618
0.0007836966559940815,0.0004799042002372742,0.001500471228750229,0.0019051836357034683,0.006867075827110481
0.0008540636651867867,0.0005230301649384499,0.0012877884153442384,0.0020760084473110674,0.0058949550592786795
0.0008256203301900863,0.0005056234330945015,0.0008882951978759766,0.0020059893891729358,0.004061970389772129
0.0008914834030622483,0.0005460201607160568,0.001088971996696472,0.00216695969556942,0.004983611590552998
0.001273051569675827,0.0007795779810361863,0.0014557336811141966,0.0030934651196516992,0.006660407900202942
0.0008715679355615616,0.0005338343487195969,0.0014430311862545014,0.00211970990230813,0.006610133295643998
0.000854010947858715,0.0005230476887040139,0.001421673024089813,0.002076635730317974,0.006512449070203973
0.0006866644628995896,0.00042055315087366105,0.001146725857646942,0.0016689911470331193,0.005250322299588394
0.0007754532941335677,0.00047491202811527256,0.0011368738357143402,0.0018847241022206785,0.005205204012382699
0.001107555229281807,0.0006783257083110809,0.0008813690189437867,0.0026922948062933923,0.004034365371752453
0.0008257197410518168,0.0005056945563368798,0.0007659110073165894,0.0020075303331531526,0.0035055000820643422
0.0007828325883203983,0.0004794026047997475,0.0012644255701618195,0.001902832853845501,0.005787254210699273
0.0008006090611869334,0.0004903662235550881,0.0009103021416978836,0.0019462342769421578,0.004170705849815083
0.0009266151577884197,0.0005675589249544144,0.0009493732992725372,0.0022531010352589134,0.004350535734880638
0.0007764141441041469,0.00047561052004623417,0.0007422332260923386,0.0018880735718227865,0.0033983832949287416
0.000730352597748661,0.0004473983527235985,0.0008171361927108764,0.0017758680247284414,0.0037410897681004526
0.0007297417849952222,0.0004469514519982338,0.0009086550418453217,0.0017734140404082775,0.004157464129615498
0.0007052024894112587,0.00043191351304578784,0.0009792713467197418,0.0017136518352247716,0.004480881264198494
0.0006548042491728305,0.0004010569335036278,0.0011150895599441528,0.0015913506225265503,0.005102548425782394
0.00072818662381711,0.0004459140406064987,0.000952140087278366,0.0017686309077359678,0.004351918006826115
0.0008890287981087206,0.0005441959009580612,0.0007171950061039924,0.0021584056832410336,0.0032746838377303604
0.0011463748969787596,0.0007022450224571229,0.0007434099782423972,0.0027893655881799703,0.0034070804209894658
0.0008736531176322937,0.0005350585312657357,0.0012121791783885954,0.00212378897076025,0.00554604561268158
0.001162478434359455,0.0007120308385305405,0.0009952456448392866,0.0028257187441505433,0.004556004712868404
0.0007429440439397335,0.00045509957830238345,0.0017330225948410036,0.0018081779316581727,0.007931350507724953
0.0007634982161873817,0.0004676109434180259,0.0017953942362384798,0.0018571137197829725,0.008223336317527962
0.0008525726848000526,0.0005223921121172905,0.0022949276808815005,0.002075889640352869,0.010512366818774413
0.0008428520329946518,0.0005164458782486916,0.0018037007693367003,0.0020508047923959733,0.00826825331686802
0.0007768330716246604,0.0004758349091820717,0.0020225295070724486,0.0018889982268728257,0.009272472762454223
0.0010297064848894118,0.0006309245930128098,0.0023541962746696475,0.0025081957996405603,0.010783568941939544
0.0014655988358611106,0.0008980478004627228,0.0018137348238544465,0.0035653732732452395,0.008299572157252503
0.0008993567214066029,0.0005509082631282807,0.0018288319949226381,0.002187932936153555,0.00837904248474903
0.001206430959021473,0.0007393716231994629,0.0019583397749977113,0.0029361712679780963,0.008966348623622132
0.0011576079957837104,0.0007094218538217545,0.0018375391606407165,0.0028173497692264558,0.008413839154828262
0.0007732380346113681,0.0004737179757170677,0.0021242850069122313,0.0018817288369454386,0.009736695658553314
0.000780232025002861,0.0004779972613863945,0.0019625962618904113,0.001897645600191498,0.00899360455213852
0.0009127647385651111,0.0005592209429554939,0.0020507227424697875,0.0022207944974817276,0.009396945422280503
0.0008889646903330326,0.0005445959300808907,0.0018328199926929472,0.0021624941498555187,0.008393421705949974
0.000817511536245966,0.0005008230165653229,0.0017819157783107759,0.0019885459565140247,0.00816463375328846
0.0007848240912610531,0.00048073604265975957,0.0018242606166915896,0.0019085623637355804,0.008356418626893234
0.0009004334107691287,0.0005514479682855606,0.0018230043593959809,0.0021895041138447766,0.008338330482829285
0.0008833843932205677,0.0005408398539834022,0.0016556456033306123,0.002147230292908096,0.007566471951592636
0.0009751617931479453,0.0005968862430267334,0.0015543560031967161,0.002369069659761334,0.007101968150723649
0.0009611960821503639,0.00058835351030159,0.0015583887044506072,0.002335216237656021,0.007119042914498519
0.0008637938820475579,0.0005287900076322555,0.0016677208189086914,0.0020995811664082055,0.007619904693353843
0.0010270772629136086,0.0006288229034357071,0.0013937091175632477,0.002495507039181137,0.006373780103910638
0.0009539914049858094,0.0005840857357792854,0.0011307030562477112,0.00231710438286438,0.005169600965965462
0.00080903828448596,0.000495481643181324,0.0007784888688640594,0.0019663247108973507,0.0035598329031354906
0.0008113534294718742,0.0004969908774905205,0.0007451070789413453,0.0019732015058912277,0.0034108897836393833
0.0008225279331857204,0.0005038850040249824,0.0007110199798064232,0.002000891684047127,0.0032562960074729442
0.0007809541136676311,0.000478403906624794,0.0007269471157507896,0.001899640227160597,0.003328737183052969
0.0007792974606806277,0.00047736162255334854,0.0007248745504932403,0.001895297744176531,0.003318608177591038
0.0007087860264533997,0.000434183511238575,0.0007077506575899125,0.0017237757839776518,0.0032397940771169186
0.0006936630897873878,0.0004248862818889618,0.0007225761879401207,0.0016865744881845953,0.003306774962086153
0.000731287271594429,0.00044787171791124344,0.0007025663722472191,0.0017775596939541341,0.0032142580778784275
0.0010095661290639877,0.0006182663098983765,0.0006500550229268074,0.0024532419071115496,0.0029713549667484285
0.0007533997081870078,0.00046146101812648776,0.0007029864061789512,0.001832057509622717,0.003216085694122982
0.0006666959860080719,0.0004082546637468338,0.0006595422420816422,0.0016199821241714,0.0030151764170712947
0.0006221032597774506,0.00038074140186238287,0.0005597767066376209,0.001509098304487014,0.002552657731015158
0.00065915930650177,0.00040326617966222764,0.0005318290945308208,0.0015974604033447744,0.0024236303207910777
0.0006611738824004173,0.0004044237987213135,0.0005010272544043065,0.001601290597818041,0.002281890642780733
0.000583345454623723,0.00035721391374993324,0.00042459531130063533,0.0014166546546436787,0.0019370877697578788
0.0006493595969581842,0.00039727827097105976,0.0004829030875282287,0.001573438611678028,0.002200519716877413
0.0006391488090807438,0.00039107047702002524,0.0004647691417651176,0.001548834000951791,0.002118244297008884
0.0006909771711284161,0.0004228775979094505,0.0005094617512242794,0.0016757204086102486,0.0023234578629470586
0.0005979716290438414,0.0003661784597747326,0.0005181398261504173,0.001452452077767992,0.002364537786830139
0.0008287156113142014,0.0005066345364861489,0.0004910150151865482,0.002004117115638399,0.002238778599489403
0.0006480923366451502,0.0003966497958712578,0.00047258564645218847,0.0015719122969128133,0.002154494205254984
0.0007621698052340984,0.0004660595760755539,0.0004727950263934135,0.0018441856608308793,0.002155445321042013
0.000654959663068676,0.00040083053271102907,0.00044891132974791525,0.0015882025927819253,0.002046752655085099
0.0006611877918893338,0.00040450173924493787,0.00044807237947154044,0.0016017933108426572,0.0020423093683532598
0.0006680788666659832,0.0004086788774542809,0.00045156552085447307,0.0016180150710560321,0.0020579349258429526
0.0006626988515907764,0.00040539605478572845,0.00045404736326801773,0.001605068836412573,0.0020690190024188876
0.0007147948526495933,0.0004371462346129417,0.00048703317532110214,0.0017302759431816579,0.0022189259202665805
0.0005614748825037717,0.00034358292753624913,0.00039667934087830783,0.001361759012988949,0.0018082648563179345
0.0007409865298027038,0.00045323119620609283,0.0004843006972389221,0.001794554852000618,0.002208694025266838
0.0005712697730118274,0.00034964459697532657,0.0004023933010341525,0.00138597807740345,0.0018342951246983529
0.0006854651436859608,0.0004194773391895294,0.0005130408909337521,0.0016625565089799406,0.0023407512159533024
0.000614067006921196,0.0003759912320487499,0.0005405424740331173,0.0014911203735090734,0.0024666039531565428
0.0007827724964076519,0.00047931009094047546,0.0006096953321413994,0.0019017502919353485,0.0027881199279314994
0.000904663100158596,0.0005539270446710587,0.0005839287135915756,0.0021977209449328423,0.0026709765145070076
0.0008783269249552726,0.0005379468009881973,0.0006418167743997573,0.0021358493842698577,0.0029383495749420643
0.001232305821096325,0.0007547849373035431,0.0008037825916128159,0.0029965306997813226,0.003675951708245945
0.0008676445834988594,0.0005313070372753143,0.0012592185083942413,0.002108211693964148,0.005752770292151642
0.0009608128227943421,0.0005882188634090423,0.0011034019682722093,0.0023331234619535447,0.005046782500434589
0.000789079737728262,0.00048320088098573687,0.0012043286208229065,0.001917202200791979,0.005507862161982727
0.0007422336742931842,0.00045462985644865035,0.001011102059872627,0.0018039313808597564,0.004627566836167049
0.0007351799570673942,0.00045027030567455295,0.0011233175937252044,0.0017865328111268523,0.0051397707575447085
0.0010568132676834106,0.000647013600271225,0.000862078169377327,0.0025667023748673443,0.003939519386876297
0.001067088035559082,0.0006539124653749466,0.001848297143371582,0.002598251296631241,0.008466680281747055
0.0007983832874053954,0.0004891722382121086,0.0019581504110412597,0.0019420851655818463,0.008965379338849258
0.0007792653337770939,0.00047721714089441294,0.0012728351000862123,0.0018937821575023175,0.005827176576245499
0.0009096815415376663,0.0005570087687187194,0.0012927033845500945,0.0022104004845537187,0.005917051812399101
0.0007747260943705081,0.0004744755209498406,0.0014233375135974885,0.0018836031497038842,0.006516307836163712
0.0008830819622332095,0.0005407795489840507,0.0015482211653308868,0.0021466837809003833,0.007085757740724754
0.0008476888113373756,0.0005190840096287728,0.0013650085870342255,0.0020603947304703237,0.006246237089622688
0.000922604004358673,0.0005649833337478638,0.0009188989345149994,0.002241630046121025,0.00420298397182293
0.0009190067768746852,0.0005627902702503205,0.0010224068109111785,0.0022332455553628443,0.004677269219744873
0.000927548225289011,0.0005681282461695671,0.0008183443043546677,0.0022554481819786073,0.0037467148044592856
0.0008927208729738235,0.0005466975973062515,0.0011815901938991547,0.0021696398564197065,0.00541015711366005
0.0007400242195183277,0.00045326400856304165,0.000953700551779747,0.0017987905860461237,0.004368229060757828
0.0008478998631888865,0.0005192039714269638,0.0012915436867790221,0.0020605219603098872,0.005912036355722619
0.0008387664765769482,0.0005136117444448471,0.001263408387096405,0.002038136512837553,0.005782107692349625
0.001009522684728527,0.0006182182536535263,0.0014066323582248687,0.0024538776129998208,0.006436093600977135
0.0016110452868694305,0.000986684616010666,0.0011428480092601776,0.00391575237070694,0.005239532371748162
0.002196956331347847,0.001344965602558136,0.00093903043309021,0.005336802752367402,0.004294587303090763
0.0012753759511465073,0.0007812168554477692,0.0017372831050472257,0.0031044982076205256,0.00795619914769001
0.0011844685696715354,0.0007253044203929901,0.001610003346593857,0.00287913931762352,0.007362203147400093
0.0011547595076912879,0.0007075167254619599,0.0019801191333847046,0.0028102724209941865,0.00906448319493599
0.0008682726279551029,0.000531852442126751,0.001850785518081665,0.0021119177617646696,0.008467176764596176
0.0007670502104515076,0.0004696770490221977,0.0014373072628097532,0.0018639390022076607,0.006572009863842201
0.0008388125859850883,0.0005135371119790078,0.0016022173408584595,0.002038006002507353,0.0073190156721956254
0.0008299488828236103,0.0005081123218946457,0.001594361687095642,0.0020168667868293764,0.00728372905193634
0.0007887078688198566,0.00048292785445976257,0.0011879120711402891,0.0019159285724677088,0.005429643248904419
0.0006560955681556702,0.00040173685113716127,0.0011076934579925537,0.0015936816327787877,0.0050609202170259476
0.0008119421549791337,0.0004971607060246468,0.0010470567140893937,0.001971997565827513,0.004781839082527828
0.0007048529633039474,0.00043161431263017655,0.0012586539033966064,0.0017126668014146328,0.005751680561292839
0.0008325484239214897,0.0005098260075860024,0.001053079167397499,0.0020226101279772757,0.004813341858375741
0.00081972467831316,0.0005019457222037316,0.0012357268277721405,0.00199165736889019,0.005649360182274056
0.0008186644174808502,0.0005012656704597473,0.0012389822248535156,0.0019886640541769505,0.005663672851908875
0.0010084215351099015,0.0006173401878290176,0.0013569107297973634,0.002449137570015335,0.0062044512802249905
0.0010109802239293099,0.0006189167008810043,0.001357392990978241,0.0024552013353027345,0.006207678010452461
0.0009621315591687202,0.0005890862898044586,0.0012077035550193786,0.0023370130599059107,0.005526323076475334
0.0010237965949529647,0.0006269219324998856,0.00137922921219635,0.0024877340496100428,0.006311143648017121
0.0010122909285778046,0.00061986986855793,0.0013886386696414948,0.0024598858759321213,0.006352773081649018
0.0010932460524791718,0.000669602985780716,0.0011640261951999663,0.002657174050859356,0.005328611847150994
0.0012509689234847068,0.000766039843957901,0.0017387054804878237,0.0030405598491944313,0.00794822112559147
0.0013183716051930426,0.0008070867166929246,0.0014529578630046846,0.0032023681879557613,0.006649907042968941
0.0008495770700925826,0.0005208871246390343,0.0023988795522766116,0.0020745455258108616,0.010983707874406052
0.0009561163440996647,0.0005859814317040443,0.0024220062736587528,0.002334387426129723,0.01109131154953308
0.0009070964575463771,0.0005555979267768859,0.0018287719134407045,0.002205638896725321,0.008365621932733727
0.0006041425683254242,0.0003699269921593666,0.0020824511293487547,0.001467788415826106,0.009524759542334747
0.0008253557213300705,0.000505589190226078,0.002316022539527893,0.0020102621838964463,0.01058950947462387
0.0009413368367308615,0.0005764949725084304,0.0016533367578105925,0.002288717765412474,0.007565793778885079
0.0008050421722883225,0.0004929193736128807,0.001697053724916458,0.0019573388264097213,0.00776202127574749
0.0007358316220993042,0.00045054719905185696,0.0016186106447296142,0.0017890950516380312,0.007401912384617997
0.0007854557499939441,0.0004809856669120788,0.001536564016731262,0.0019098401591695787,0.007028683035958482
0.0008728382260257243,0.0005344440595321656,0.0015982335452156067,0.0021219240561641695,0.0073079460644609445
0.0009295456790083885,0.0005691276148967743,0.001491329187543869,0.0022592281938113214,0.006819123586404992
0.0009788282760137559,0.0005991804258041382,0.0013895448092536926,0.0023775976941503526,0.006353668873894882
0.0010904068373793602,0.0006676763997488022,0.0011841623429374695,0.0026493971601642607,0.00541997408210106
0.0010361197449916839,0.0006343512044363022,0.0011035121176557541,0.002516516365162277,0.0050446969458348275
0.0012178220637792587,0.0007453991280012131,0.0013651281241493225,0.002957192474655056,0.006247596293080521
0.0010549263962263107,0.0006458297626190186,0.0010886782054023744,0.0025618215367712023,0.004979686273027134
0.0009271701500469685,0.0005677400187664032,0.001252978527935028,0.0022527173065163136,0.0057348736369497305
0.0009226502597981928,0.0005650121227912903,0.0010330957714633942,0.002241859591803694,0.004730355525899601
0.0009496878967339038,0.000581701564889431,0.0009531868193464279,0.002309145469269896,0.004368067989636135
0.0009182956040555477,0.0005625814826302529,0.0007835558746175765,0.002234154162607336,0.0035911923685557367
0.000825926886563921,0.0005059488521032333,0.0006882032770829201,0.0020088760436095237,0.003151639995116663
0.0007838280842358112,0.0004800728888325691,0.0006473162193017006,0.0019055341162301542,0.0029618452378994942
0.0008187965028637886,0.0005013561056070328,0.0005960631836371421,0.0019890663132585526,0.002724980660665703
0.0007980302930528163,0.0004886094884090424,0.0005796768535094261,0.0019383033805109502,0.0026494562694317817
0.0008239438899511338,0.0005044984922819137,0.0005911878887729645,0.002001605057767773,0.0027029048325008867
0.0008092954822534562,0.0004954549104981423,0.0005839053336696624,0.001965306428871298,0.002668395804006529
0.000807921253954792,0.0004945757047348022,0.0005882801059799194,0.0019617259063340665,0.0026881397755331516
0.0007787923016304016,0.00047660713950920105,0.0005647122506217957,0.0018895073235548974,0.002578233028341007
0.0007473892391377926,0.00045715806196260447,0.0005274439733641147,0.0018106397182263375,0.0024042411548531773
0.00038887669385390876,0.00023789455211538075,0.000530340837331295,0.0009441827110528887,0.00240573376766212
0.0006370380715185642,0.00038940146128463743,0.0004543880932198763,0.001540223776973033,0.0020710514025277615
0.0005306079742217302,0.00032503802264857295,0.0005631582681255341,0.0012903508000589848,0.0025744787850863456
0.0003955410092787683,0.00024201224307346343,0.000498980013670206,0.0009605637302204907,0.0022730735809988497
0.0005036281292045354,0.0003082762614898682,0.0005487174559550285,0.0012227981832392456,0.002511734284970832
0.0007567868330234527,0.00046328907768058774,0.0005307275671677589,0.0018371329606093408,0.0024272539617008686
0.0006240759246701241,0.0003821305626146793,0.0005124316606836319,0.0015154519055552722,0.00233821878596015
0.0007116357558125495,0.0004354222671203613,0.00046301713960039616,0.0017245777309454918,0.002112337131004703
0.000606549548795247,0.0003712811724357605,0.0005132708680050373,0.001471976050785923,0.0023402526916450977
0.0007318996541851998,0.00044766650656986233,0.0004414750393645763,0.0017721209064640046,0.0020139882575235485
0.0007432917811626433,0.0004546236650161743,0.00042667379418182374,0.0017995530784644127,0.0019455816940850735
0.0005920798287445544,0.00036246285150575634,0.00044735264221000667,0.001437142515606427,0.002039593589816165
0.0006077415846938133,0.00037192186276245115,0.0004564850051121712,0.0014735166844494583,0.0020813340277857305
0.0006828118265325069,0.00041781624714660646,0.00048634181359577175,0.001655096495947981,0.0022178755385316136
0.0007653604813570023,0.0004682910845689774,0.0005208824183957577,0.001855282408050442,0.002376293477926326
0.0008526006133014201,0.0005219397799186707,0.0005717437509613037,0.0020701676667250635,0.002613274469364357
0.0008499880023950575,0.0005205351741127968,0.0008361802343444824,0.0020663595490671635,0.003823402623224926
0.0008361169562393666,0.0005119086087756157,0.0011683807615356446,0.0020309793688870906,0.005339743515241814
0.000682283704047823,0.0004177886650972366,0.0011983062569217683,0.0016578451037920954,0.005482230010021401
0.0006985123903209209,0.000427734966676712,0.0013157761041240692,0.0016975497685886862,0.006021112739432526
0.0008010802679413795,0.0004906689331941605,0.001848181361349106,0.001947435025177145,0.008458828421819877
0.001086456834589863,0.0006652974144630432,0.0016295177582817079,0.002641035100869084,0.00745050115226574
0.001031465797936344,0.0006316427544765473,0.0011293127779083251,0.0025061129540719035,0.005163083811987114
0.0009314371139461041,0.0005704153434448242,0.0009986783359365462,0.0022634559482850075,0.0045676191860324865
0.0009978553616160392,0.0006109409288578033,0.0014087356571273802,0.002424571305564785,0.00644762580334015
0.0008851925172561645,0.0005421122715883255,0.0016339702252464294,0.002152435101620102,0.007476955603945923
0.0010469605304950715,0.0006416373358182907,0.0006544634569602013,0.002549559594742203,0.0030036620774752617
0.00115795832506361,0.0007091750011854173,0.0011342178229408265,0.0028135816380895616,0.005184254559267235
0.0007625840597504615,0.00046697262237596507,0.0009525693748311996,0.0018525251113392354,0.004353057957578373
0.0008265681103521824,0.0005063290105276108,0.0018885980490760805,0.0020101239599801543,0.008638461714375687
0.0009378086090737819,0.0005743853480629921,0.001978055799396515,0.0022809294373311046,0.009042411755908203
0.0010403710105175018,0.0006372128979377747,0.0014070927146987914,0.0025296477258719445,0.006436383488167
0.0010372371040934562,0.0006352847919874192,0.0012631330136375428,0.0025212707713760376,0.005777671601761056
0.0009745102741474151,0.0005967373804264068,0.0013055662755088807,0.002368146334639931,0.005974375983465386
0.0009907527603858948,0.0006068223075084686,0.0009744469467716217,0.0024084648058332447,0.004464489164341164
0.0009510484345907212,0.0005825273052864075,0.0009284201506690979,0.0023123619460083487,0.004250768404591751
0.0009508426763767243,0.0005824012414627075,0.0010136719290332794,0.0023117720783270837,0.0046439928242451665
0.0008697001211995124,0.0005327142135314941,0.0006109641064124108,0.002114654400251055,0.002797677426922989
0.000712671300833845,0.00043657190660762786,0.0006982184443788528,0.001733308180472994,0.0031959378199166773
0.0007979514361077784,0.0004886961014084816,0.0006590250227766037,0.0019395952731884958,0.0030150488258785723
0.0007749259748214721,0.0004746624709181785,0.0006567390877919197,0.001884387541613722,0.003006529408831072
0.0008276558615917206,0.0005069323734455108,0.0006783071775155068,0.0020124351986266615,0.0031051579111701965
0.0008607701562994958,0.0005270344347767829,0.0006224761475043297,0.0020910663426436426,0.0028463832722491742
0.0008756789014393329,0.0005359143347554207,0.0005636800918893814,0.002124501280537987,0.0025740497724599364
0.0008050417707020283,0.0004928551570587158,0.0005783629287199974,0.0019550692588604928,0.0026432137937731264
0.0009317788273746014,0.0005702276782207488,0.0005603578854517936,0.002260211188397551,0.002558578932050538
0.0007536837027126788,0.0004611650363616943,0.0005254193861203194,0.0018274712063886167,0.002396341933075261
0.0007350101955884933,0.00045001851330327987,0.0005829349998550414,0.0017853560902692319,0.002664061276007366
0.0008202608690315724,0.0005020762563757897,0.0005907024089412689,0.0019911559857942107,0.0026989921720213415
0.0008896830186897755,0.0005446422875933647,0.0005984152797775268,0.0021605184078730584,0.0027354715147501945
0.0008593482852632046,0.0005261490822844506,0.0005933608133511542,0.0020875886679209707,0.0027133135178572655
0.0007964395732337475,0.00048738628933954237,0.0005420228969471454,0.0019318493254996778,0.0024743876793868066
0.0007978558585697651,0.0004882439927272797,0.0005493598897175788,0.0019353159174837114,0.0025079229318983078
0.0008004125394577026,0.0004897498966269493,0.0005452368091957569,0.0019408670396126749,0.0024880914328134773
0.0007816785753423214,0.00047843037108707433,0.0005606565829532147,0.0018970255874611378,0.0025601899494863273
0.0007275847189778328,0.00044518275867033003,0.000529185263456583,0.0017639958404518604,0.0024135055003202677
0.0006741162054890633,0.0004124222801141739,0.0004953570533709526,0.0016334752254702092,0.002257400380957794
0.0006636372127288818,0.0004060007364563942,0.0004824509341435432,0.0016078180648900508,0.0021983554129935026
0.0006775582381242753,0.00041479596803712846,0.0005517380591647625,0.001644872270575905,0.002518315898019743
0.0006644867867881298,0.0004069196165614128,0.0005873627234416008,0.001614446783862257,0.002683564253289175
0.0006277312543893098,0.0003843616128973961,0.0005838609207587242,0.0015245240137495041,0.002665848879653883
0.0009172242083305359,0.0005616580651216507,0.0006856305692510605,0.002229026135108614,0.003136737956244421
0.0009477837935739995,0.0005805219740681649,0.0008398767206983566,0.0023043311276055812,0.0038398533129579545
0.000811423561041975,0.0004969681010656357,0.0010659381691532134,0.001971927522919321,0.004873580620575619
0.0010244681932682037,0.0006272830472402572,0.0012003863994197845,0.0024882931516088487,0.00548408732949562
0.0011701057993525506,0.0007168899730854034,0.0020988998655395506,0.0028486445859588626,0.009600162875045013
0.0009465435125583649,0.0005796828226261139,0.0016638609413223266,0.002301567181251192,0.007609803145516587
0.0008538927354568482,0.0005230832726769448,0.0016852393988685608,0.002077180823735142,0.007714850505579185
0.0011688900151008606,0.0007165192023925782,0.00230179020205307,0.002849478539875889,0.010540258049357605
0.0010240254261249541,0.000627674068611145,0.002113137209804535,0.002493249884299183,0.009677527641642761
0.0009535729520672798,0.0005843085379414559,0.002079257154853821,0.0023206516571856978,0.009517591571200561
0.0009818720810765265,0.000601472149889946,0.001939087951572418,0.002388435193947697,0.008870746278155518
0.0009737184920066834,0.0005963612006120682,0.0018475737516002655,0.002367959789983177,0.008448654198039246
0.0009609769620651245,0.0005885095701627731,0.001797248089702606,0.0023366685197271347,0.008218408643592072
0.000923119568144703,0.0005653719411306381,0.0018087702337818146,0.002244746866873646,0.00827458510636158
0.0008801497251445293,0.0005390924171619415,0.0018164700512008666,0.002140337272784853,0.008312907784569931
0.0008280950509661674,0.0005071527616195678,0.001696860695274353,0.002013392392597342,0.007764492666114044
0.0008634129591936111,0.000528756524723053,0.0016633112672882078,0.002099126330814505,0.007610449879754257
0.0009834868230575561,0.000602139081161499,0.0015274740103797912,0.0023900071695960997,0.006988178446281624
0.001254477035319233,0.0007680775181465149,0.001760084653289795,0.0030493650407113077,0.008053226839888763
0.0011169846215003966,0.0006836926297359466,0.0012714127246456148,0.0027116413668312076,0.005814806150782776
0.0009656885915154457,0.0005912312970571518,0.001162135684879303,0.002345070476881409,0.0053140611433870315
0.0010005818404907225,0.0006126117215566635,0.0009845279399471282,0.002429805372706795,0.004499515498567295
0.0008942611754590511,0.0005476481721811295,0.0009370234701948166,0.002172908466360712,0.0042836808079368596
0.0007986974374109745,0.0004890569479279518,0.0008388091121034622,0.0019400922231890202,0.0038316115343458176
0.0007717136860543728,0.00047262703190374374,0.0008013237212018966,0.001875576587072754,0.0036635820993668558
0.0006989858240539074,0.00042812236706542967,0.00084696021118927,0.0016989114381886958,0.0038726281219608307
0.0007663241789394855,0.00046924342523145676,0.0006877371985630989,0.0018617351331330777,0.003143173553932381
0.0007475532323771954,0.00045780434022474293,0.0006640521306710243,0.0018167210385717392,0.0030361162753290653
0.0007656381600255012,0.0004688592881970405,0.0006725121755318641,0.0018605265826500894,0.0030744700857884407
0.000768528814678812,0.00047059820900487897,0.0006552359108047486,0.001867294678143406,0.0029952979133910655
0.0007411385484689712,0.00045385563681650163,0.0006602773238139153,0.0018010134287692547,0.003018543395537806
0.0006475945156717538,0.00039646226475763323,0.000558969708176136,0.0015720475506551504,0.0025511786939091206
0.0006993271358961106,0.000428147222202301,0.0005866967532949447,0.0016980961919344903,0.0026798129701501847
0.0007658523150438309,0.00046881103078651426,0.0005967675540761948,0.0018592181101955414,0.0027258177609629152
0.0007282601506167889,0.00044550160626697537,0.0005276750456707478,0.0017645143352962973,0.002404974600065422
0.0006516543158048629,0.0003986549259238243,0.00046667453275787827,0.00157853800138011,0.002126285808484924
0.0007674741760546207,0.0004692188383154869,0.00048585570791530606,0.0018561919019140245,0.00221339550553627
0.00042481628960909843,0.00025985230254757405,0.0003960781544612646,0.001030936560458684,0.001805295809263286
0.0007342394054585934,0.0004495160908513069,0.0005042909551577568,0.001783198502711201,0.00230924109085269
0.0004057584507109463,0.0002482102721073031,0.0004984001200811863,0.000984935470442468,0.002266538002852273
0.000608433025022769,0.00037240060354399684,0.000426423778774023,0.0014757166524000406,0.001946969299342406
0.0005244647809022903,0.0003210303218178749,0.0004821663852946758,0.0012727538493044616,0.002197066537801099
0.0003780641060972452,0.00023132722061875463,0.00046121491865980626,0.0009180979950401873,0.00209929611175127
0.0005327933155650138,0.000326350516926527,0.0005425916705446243,0.001296343680150056,0.0024944503737128498
0.0006820125967914104,0.00041724755178022387,0.0004958125148134231,0.0016525775224484444,0.0022625127559042692
0.0007442451835328579,0.0004552881599478722,0.0004394850246773958,0.001802714850804949,0.0020051082167289376
0.0007081690803820134,0.00043298290978002545,0.0004075987814159989,0.0017134053551174642,0.0018577847398332477
0.0006766539753133296,0.00041381553123521803,0.0004689447488801479,0.0016382631458856105,0.002135698695618582
0.0007194060490185261,0.00043917803029346465,0.00039172877093571423,0.0017334619202233792,0.0017850902255605132
0.0005610017955953121,0.00034296818758177756,0.00041214968545156714,0.001358226678199315,0.0018761243661380529
0.0006479761139208317,0.00039662273908782004,0.0005269771572368145,0.0015725798324264526,0.0024050967813915728
0.000749016174739027,0.00045879859040308,0.0006585138384418487,0.0018215547971941473,0.0030151010872311113
0.0007494936973506451,0.0004590163857750893,0.0013430481795387267,0.0018221632838763238,0.006140295162189675
0.0005615153331959485,0.0003438768976442814,0.001060096049697876,0.0013647883244372846,0.004852712009239864
0.0007791463912183284,0.0004770417467765808,0.0010101036522703172,0.0018923912294723036,0.004624259060013962
0.0008396865107769013,0.0005143778727464675,0.0019161296729164122,0.002041665788791323,0.008773128604281616
0.0009256012254113197,0.0005668271512799263,0.0018835222367362976,0.0022513664536692145,0.008614764457333756
0.0008394406669491768,0.0005140609250478744,0.0016000447515563967,0.002041334902546549,0.007316819062221718
0.0006579890110248565,0.0004029684991650581,0.0014461926166133882,0.0016000401102520467,0.00661773732243843
0.0008154293478185176,0.0004994815991334915,0.0010507200304584502,0.0019824458398438934,0.004814061064410877
0.0008866941944414616,0.0005430646569542885,0.0012482437137680052,0.0021552198835231304,0.005717023527014923
0.0007219218046123027,0.0004421962530426979,0.0009227048549966812,0.0017546789810575485,0.004224363764513206
0.0008620450832599639,0.0005280541659407616,0.0006702001784162522,0.0020962432228542804,0.0030688171835131168
0.0008806805857175827,0.0005393837050609589,0.0005927673299031258,0.0021406916544355393,0.0027126947516090396
0.0008323634386712552,0.0005100016699247361,0.0006680175308303833,0.0020258235015489104,0.003062166722256613
0.0008707645074182988,0.0005333810553960801,0.0008293426577167511,0.002117672096989298,0.0037964966007954597
0.0009125296280437945,0.0005589895353727341,0.0006369090248064995,0.002219600930861378,0.0029176240698880673
0.0008941423424238205,0.0005476634384207726,0.0009505902622060776,0.002173858390054846,0.004348084963250828
0.0010471375205272674,0.0006411483244113922,0.0014251627568321228,0.0025442264035858155,0.006521346565473747
0.0009794959314817428,0.0005997180746011734,0.0014592437092380522,0.0023800149724401472,0.006676341896641923
0.0009999872737282752,0.0006121985719614029,0.0012126643899993896,0.0024288136005915645,0.005547226800907325
0.0009025164753848553,0.0005525446564965248,0.0012426108960227967,0.0021919654571033956,0.00567893071709938
0.0011408706091994285,0.0006986466155462265,0.0008554983530359268,0.00277273296867981,0.00391455642520256
0.0009766378053182602,0.0005979733423404694,0.001340409690530777,0.002372840450755501,0.006131539344180297
0.0008803007215911387,0.000539006362956047,0.0013366040829734802,0.0021384773232556824,0.006116152867067529
0.0007601063818389415,0.0004654628292732239,0.0009684982542114258,0.001846301843277359,0.004429311149705124
0.0007113925770575046,0.0004357088835053444,0.0008725875113325119,0.00172892296244874,0.003991849740732384
0.0007760693275088309,0.00047537799487638475,0.0007989749554710388,0.0018872768559075833,0.0036599921935684203
0.0007887502179199696,0.0004831594855599404,0.0008537201825695038,0.001918347889981413,0.00391201378791399
0.0008775309444123745,0.0005375787572078704,0.0008704384360628128,0.0021345175050713067,0.003990260260689926
0.0009188297503346444,0.0005626799197010994,0.0012129210774021147,0.0022326844141401293,0.0055519752347356795
0.000877371697192812,0.0005372837365679741,0.001196367645652771,0.00213190162410512,0.00547611665664978
0.0009056064993793011,0.0005545275689177513,0.0007141507659273147,0.0022002908103682045,0.0032656151661164283
0.0007828483962172508,0.0004795900241546631,0.0008680783603506088,0.0019039165683604718,0.0039747825303561215
0.0006949554674977302,0.00042572216997671127,0.0007636796776371003,0.0016899705939508916,0.003495952177930546
0.0007517130457514763,0.0004604327485971451,0.0007623278889970779,0.0018277143173433782,0.00349089487134285
0.001033168888902092,0.0006328993694000244,0.0008492234144525528,0.0025133523762740136,0.003894091206181717
0.0008770136647576331,0.0005372071595005989,0.0007723703477697372,0.0021328291163362507,0.0035361109444386482
0.0008301415347212791,0.0005083454952650071,0.0006574650947170258,0.0020172373049475193,0.003005664442617369
0.0007504923694485664,0.00045964943180608754,0.0008261197600679397,0.0018241853073753358,0.00377404320477314
0.0006960160934084892,0.00042631963203477855,0.0009523412082509994,0.001691612435183668,0.00435504225580759
0.0007610718683058262,0.00046612667600440976,0.000916478330286026,0.0018495786987759114,0.00419239349453516
0.0008429761961752415,0.0005161753551177978,0.0010052190814332962,0.002047864763490105,0.00459705580114193
0.0009453915805274487,0.0005787564099841118,0.0010748513732271193,0.002295809122226381,0.004915457070756626
0.0010926326476687431,0.0006687289879732132,0.0011486315671520233,0.0026521130517639163,0.005251819097388458
0.0010815706246251105,0.0006620498851947784,0.0014274432603435514,0.0026264544725932122,0.006530003985155297
0.0010064271845573426,0.0006163548783473968,0.0017517108861522675,0.002446861441484833,0.008017715250838471
0.0008430796228999138,0.0005161580548696518,0.0013328963760452272,0.002047325699082756,0.00609771930812664
0.0008932654604965687,0.0005468950302414894,0.0014289671126918794,0.002169900256446743,0.006538514419782829
0.0010633929305428505,0.0006511620388441085,0.0015130629483776094,0.00258436187659874,0.006922471635926438
0.0007800236747318745,0.0004776684672646522,0.0014955401662902833,0.0018962632723666668,0.006841026400912475
0.0008029063903445244,0.0004916913242154122,0.0013777711633758544,0.001951515068910265,0.0063031599098331455
0.0006712507777565956,0.0004111367196850777,0.0012728517297821045,0.0016319544964052677,0.005825655280936433
0.0008592692457789421,0.0005262411491088867,0.0016729256455020906,0.0020891472556210993,0.00765388886271782
0.0009129191302412987,0.0005591146827750206,0.001046986037881851,0.0022188083820559026,0.004795902490008545
0.0007181768663877487,0.0004398315952234268,0.0010019838903265,0.001745029639504099,0.004581219998884868
0.0006971671127432823,0.0004269594729952812,0.0010897409860210418,0.0016939149849630832,0.004982651696491909
0.0007729360417181492,0.00047332217107343675,0.0013378287796096803,0.0018783014335252285,0.006120258241284562
0.0007540407494360447,0.00046175027201700205,0.0011327212397174834,0.0018319816150285245,0.005181934236872864
0.0008571067400926589,0.0005248549611382485,0.0014449859801845552,0.002083136332831526,0.00661024720906086
0.0008238915011936664,0.0005045408264808655,0.001460764879377365,0.002002850580266857,0.006682789232719612
0.0008870897934490681,0.0005431478054337502,0.0009463246558027267,0.002154196370444441,0.004322977262128067
0.0009266646624261378,0.0005674469650797844,0.0012399980668144225,0.0022518056847669124,0.005675690104950141
0.0008424191594773769,0.000515942449968338,0.0009486883524971008,0.0020473955646671295,0.004342969270933342
0.0009349538416320324,0.0005724834607057571,0.0012143068853931425,0.0022717985906220914,0.00555915259658165
0.0008201352455371857,0.0005022966221981048,0.0007141007874326706,0.0019938630112029555,0.0032685835496968746
0.0007561027125174045,0.0004631396339349747,0.0008348435554819107,0.0018385160863913536,0.0038217998736984255
0.0007059144288951396,0.0004323703602962494,0.00108300238290596,0.001715713579259062,0.00495418538688488
0.0007035806649083137,0.0004309217439107895,0.0012204425279216766,0.0017100038409747125,0.005586163550008011
0.0007231467888409137,0.0004428362057619095,0.0009452446196393967,0.0017566554323352815,0.004325665455449296
0.0007126442120129108,0.00043645616928863524,0.0008514569346027374,0.0017317675024785043,0.003896228001404476
0.0007601305865401267,0.0004654916406683922,0.0007980392668561936,0.0018468970306731703,0.0036491757267601015
0.0008283639312440395,0.000507243442636013,0.0008564877305345535,0.0020124175549067497,0.003913445463169289
0.0007595337197834492,0.0004651640535407066,0.0008773789201097489,0.001845739992759371,0.004010296773303223
0.0006863886096233369,0.00042044380615282055,0.0009096328411417007,0.0016686472274877072,0.004164033340800476
0.0006417858254814386,0.00039311670074987414,0.0009093343112783432,0.001560115918568516,0.004163891867685986
0.0006592350602799892,0.00040378306369113923,0.0008827794138507842,0.0016023939066149235,0.004042992781985473
0.0006749695033484936,0.00041341572562980655,0.0008990395907478333,0.0016406434521593093,0.004117534414816571
0.0006197167054468632,0.00037960366467761997,0.0008142276946620942,0.0015064758625395538,0.003728000544894409
0.0006180591580176592,0.00037856240878629684,0.0007263147402720451,0.0015021429107107162,0.003323750919241381
0.000697836411064291,0.00042725840518999096,0.0005629159081892968,0.001694295521876955,0.0025713137069231988
0.0006359616194570303,0.0003895464682095051,0.0005901017505841254,0.0015458810274071933,0.0026978231304771423
0.0006664782897287846,0.00040804352919387814,0.0005377759207205772,0.0016177998886026384,0.002454805748674941
0.0006811621830517292,0.00041701359609889983,0.0005277651120142936,0.001653260485134268,0.0024088119817412615
0.0006878633805269241,0.00042110293666648864,0.0005218830499963761,0.001669381880066538,0.002381745041299534
0.0007106179901117325,0.00043498546938228606,0.0005189523454921245,0.0017241994105793477,0.002368314026806426
0.0007184867449754715,0.00043982564966011045,0.0005300821606235503,0.0017436493509031775,0.002419562152165842
0.0007226252012604714,0.0004423834265284538,0.0005423629563467503,0.0017540263407446386,0.0024761364442742588
0.0007336182244771957,0.00044897879968214033,0.0005220310744063854,0.001779188945195818,0.0023815812652445553
0.0007486568645292759,0.00045815284858274463,0.0005307767857031822,0.0018155121334411145,0.0024214455512798546
0.0007228023373240471,0.0004423551292233467,0.0005348259043114186,0.0017531240284956932,0.002439640667799783
0.0006930673182660579,0.00042418477247285844,0.0005323919449167252,0.0016812291503466607,0.002428229319814515
0.0006747710467034816,0.0004130523086600304,0.0005419341270046234,0.0016375541165985108,0.002472472178328705
0.0007537654802853106,0.00046115672151374816,0.0005017980653958321,0.0018263099127031803,0.002288245909053755
0.0007322592199498653,0.00044807038019227985,0.0004937719348983764,0.0017749250166632176,0.0022516645444072008
0.0007285709784084797,0.00044574298272657395,0.0004944635313169956,0.0017653176121927739,0.0022542820522076608
0.000747255328362608,0.00045710211555290224,0.0004806499649004936,0.001809710630080843,0.002191224137086344
0.000711850020354414,0.00043551013181734085,0.000463313227535963,0.0017246343859054088,0.002112586010385227
0.0006809402153545856,0.0004166409255080223,0.0004429718125777244,0.0016501449943102837,0.0020200357483214854
0.0006659301974529266,0.00040744897286224365,0.00047495124304461475,0.0016137065455831528,0.002164696703243923
0.0006371112880015611,0.0003899733194224834,0.0004717548657374382,0.0015452916030354738,0.0021512703841067076
0.0006129481692517042,0.0003751585626118183,0.0004994874987916946,0.0014866733581341744,0.0022766095412410023
0.0006012444113099813,0.00036812354187297817,0.0005400868673043251,0.0014598045882351638,0.0024640221708900453
0.0008529682107919693,0.0005223282978944778,0.0006796452198343277,0.002072812806121254,0.0031084159777945994
0.0007368654877597332,0.00045123735378313067,0.0008902929071502685,0.0017905220650650503,0.004067594813693237
0.0008546104796880723,0.0005232312188558579,0.0010131296310739518,0.002075496602109814,0.004629921046782207
0.0009382560857290267,0.0005744759620242119,0.0010010241065340042,0.0022789554685868265,0.0045773101964480395
0.0009405850671881676,0.0005760800571255684,0.0009308249298648835,0.0022866296887911796,0.004264849572766495
0.0009750490569228171,0.0005971051559858322,0.0009098781738595962,0.002369566521099949,0.00416678665666647
0.0008555590995306015,0.0005239947320036888,0.0006223278884010316,0.0020798259631313325,0.002848264885086489
0.0008367113404625893,0.0005122159005217553,0.0005611646715717316,0.002031327632866049,0.002563928728688431
0.0007784046978408336,0.00047667658637094495,0.0005716166813092232,0.001891264070621872,0.0026131731109208583
0.0008076034896725655,0.000494756373863697,0.0006730763111429214,0.0019645103335894586,0.0030820703358835698
0.0007932731018120288,0.0004858660803251266,0.0007255500424818992,0.0019284968413926602,0.0033179679760224345
0.0008475620926076412,0.0005190369592123032,0.0006247261185364722,0.0020597745404161453,0.002857402966309261
0.0008223102369064331,0.0005036942989640236,0.0007229486350135803,0.001999836075357342,0.0033081929595655916
0.000775982767408514,0.00047523047338056564,0.0009765517208890915,0.001885532432845974,0.004464246026564312
0.0008413795620852947,0.0005152751163654327,0.0008747697565870284,0.002044724181345844,0.004000123774398041
0.0008178231672102451,0.0005009135858230591,0.0010052330289201737,0.0019880175315357684,0.004600669183719826
0.0011222760685438155,0.0006873797730617523,0.0017664466742591859,0.0027284195691861155,0.008083394297350121
0.0007011104711050033,0.0004294332296662331,0.0019105767849998474,0.0017054110654212474,0.008738150244343948
0.0008110358477288722,0.0004967111230902672,0.0012510683480815889,0.0019713396058000567,0.005729747533190919
0.0014470400728935242,0.0008864443407468796,0.0016897609774188995,0.0035172747195281033,0.007728580951083374
0.0010402905472272873,0.0006374165670089721,0.001973472798259735,0.002532340033403778,0.009035030656445694
0.0011227401562685013,0.0006876293526105881,0.0014658602718429564,0.0027293544203557014,0.006707876723397446
0.0009630639695281029,0.0005898386047296524,0.0014837837759571074,0.002341705934754753,0.006789639609444809
0.0009645187341326712,0.0005908443884067536,0.001656067157180786,0.002346265284768486,0.007582548033583832
0.0006370505206936836,0.00039010481471943856,0.0018163323644714356,0.0015491708275444747,0.008321314921367836
0.0005900205854976416,0.00036113052005696297,0.0020217550639228823,0.001432888472876692,0.009244581531871033
0.0006085782532298803,0.00037257200787591937,0.0022155351881103518,0.0014797985580332518,0.010131879674781036
0.0006080762156003951,0.00037226846004652977,0.002028733277709961,0.0014771345336504222,0.009276774525035095
0.0006646242753321171,0.0004069279090576172,0.00162154676953125,0.001614642992667103,0.007416104608166886
0.0008047604412490367,0.0004926458777003289,0.0012684331480579377,0.0019545021772898676,0.0058044432961828225
0.0008061416060382365,0.0004936096401028633,0.001259476536901474,0.001958502247980976,0.005763920741666031
0.0010471854918354987,0.0006411913738660813,0.0016381286326961515,0.0025447846189655303,0.007494047107685279
0.0010353210993761062,0.0006345411048345566,0.0006124174166636467,0.002521776144257927,0.0028105059558040622
0.0009085191682631016,0.0005563792989664078,0.0008209489081220627,0.0022085049815989974,0.003753843375433159
0.0008577537686282634,0.000525137040119648,0.0009969703052358629,0.0020829847209669593,0.004553242618728352
0.0008640480496639252,0.0005289361656718254,0.0008268538359718322,0.0020979291290558815,0.003775505910206509
0.0007791997291797638,0.0004772145480923652,0.0008681952152566909,0.0018940601125873567,0.003972381162036133
0.000777014187043333,0.00047587983618307115,0.0009146716389970779,0.001888667606613779,0.004187202676523399
0.0012121329732889174,0.0007425931350402833,0.0006173069048838615,0.0029480055049575806,0.0028282916577047823
0.0010993151166194916,0.0006736658171825409,0.0006703312937335968,0.0026764023364104273,0.0030723368631190777
0.0009511056058758736,0.0005823804543428421,0.0006232758481221199,0.002310564769110823,0.002847478310901594
0.000972160556232357,0.0005950956896953582,0.0005693365577774047,0.0023595679402865413,0.0025998161503560067
0.0011411221482509613,0.0006993747905902863,0.0007119258735494614,0.0027787724406041145,0.003263677821446133
0.0009452285729998589,0.0005789021656923294,0.0005944541040973663,0.0022976715542890073,0.0027196490840501308
0.0009514242098385335,0.000583021122317791,0.0006752101425247192,0.0023166475080467703,0.0030968773448354723
0.000999433011626625,0.0006121116236858368,0.0009701015446500778,0.0024300316378988267,0.004446503705669117
0.0011129426919573783,0.0006815985397510528,0.0015079324189739229,0.002704619698277855,0.006900547181952668
0.0009235915050560474,0.0005657218576483726,0.0016572860423641205,0.002246168560586119,0.007587761103499603
0.0008017018505090713,0.0004910812781267166,0.0017940589431838989,0.0019504161045469286,0.008212230371821595
0.000808341386234188,0.0004950042546801567,0.0014614334646778108,0.001964798750779772,0.0066857362830526346
0.0008561813392395019,0.0005242759392671585,0.0016102489475326538,0.0020812607788063524,0.007361323686826897
0.0008411564261371135,0.000515024687450409,0.001522210801036835,0.002044335576198244,0.006959651097047997
0.0009209067546481133,0.0005638705522828103,0.0015540651623325349,0.002238334571621561,0.007107264512170029
0.0009144056931787968,0.0005599085272364616,0.0019603521470146178,0.00222364417990222,0.008961000000823212
0.0008771243200356006,0.0005370318100862503,0.0014210889283733366,0.002131122197262192,0.006499578078973962
0.001175476176356697,0.0007194287286214828,0.001438310945423126,0.002854374982468033,0.006579584085334015
0.0011913569428676604,0.0007294969813041687,0.0016366205159740448,0.0028952516690410614,0.00748016028641529
0.0009817199163788795,0.0006009403572492599,0.0010979491714553833,0.0023826631263412475,0.005010813216257763
0.0010122417890185355,0.0006200133220367432,0.0019403779152946474,0.0024617853686727522,0.008872241442788316
0.0013050366767400742,0.0007992362038307191,0.0013966003600673674,0.0031713803187526706,0.006388276096571159
0.000633274696832323,0.00038786851177740093,0.001779618823917389,0.001541612532786274,0.008159919207680893
0.0005651690930778026,0.00034604524011540413,0.0014060435239391326,0.001373778110048914,0.0064308646076805115
0.0006160174567902327,0.0003771682077162266,0.0014781544450836182,0.0014967658319093228,0.00675787573098011
0.0005145450700724363,0.00031506085331368445,0.0012524312678890228,0.0012508243013687372,0.005730633118141365
0.0007433609270209312,0.00045514233718442915,0.0013064089361743926,0.0018059327461339475,0.005978407456863594
0.0009555949025506019,0.0005850268111639023,0.0011211117450313569,0.0023205327615655903,0.005130081788588238
0.0009334628977531432,0.0005714654059224128,0.0006880955863909721,0.0022669838056482315,0.003145493978399706
0.0008899647862369061,0.000544707420568943,0.0006085203904824257,0.0021602088891483785,0.002780595109749508
0.0008784349881762504,0.0005375478894524574,0.0005867996160106659,0.0021311570413924696,0.002679703547943306
0.0008289339282268524,0.0005072171569876671,0.0005740059483962059,0.002010656729391956,0.002620513074982834
0.0007778870531076432,0.00047577712992954253,0.0005405666474418639,0.0018843692772604467,0.0024640675423181773
0.0006927714951986312,0.0004237969026975632,0.0005223725866692066,0.0016787184224046708,0.002380253959584904
0.0007676468216532707,0.00046950047026205063,0.0005270428937094212,0.0018591314875103474,0.0024024691683686497
0.0006403677147531748,0.0003918824487440586,0.0005030993167476653,0.001552885628543043,0.0022929357530064105
0.0007674834855550766,0.00046955599198865894,0.0005438229274170399,0.0018605211742736341,0.002481615567345095
0.0007188242965096474,0.000439929965239048,0.0005358473006801606,0.0017439581603325843,0.002445789083231163
0.0006649720855707169,0.0004069363803677559,0.0005243472401218415,0.001612758395127201,0.0023911742345876217
0.0007602753401452541,0.00046522297273206715,0.0005492271650748252,0.0018439056665219308,0.002507312892887664
0.0007075186931246758,0.0004329685152583122,0.0005267940070645809,0.0017159903817392827,0.002403488162670207
0.0007231252127045632,0.00044249382178115844,0.0005383983049707412,0.0017537609756506922,0.002456880381468606
0.0006635027543360234,0.0004060828344039917,0.000526950178684473,0.0016096598387278557,0.00240385031751163
0.0007102009609991551,0.00043450372229146957,0.0005303028281943798,0.001721460644207144,0.002418554743144584
0.0005902116310501337,0.00036124375398087505,0.0004920566063539982,0.0014315850098200085,0.002242215089637709
0.0006521558970862865,0.00039897346059608455,0.0005160371195690632,0.0015803457290448188,0.0023518156690037965
0.0005771985375041008,0.0003532942899577618,0.0005059697274284363,0.0014002576541669609,0.002306016912449074
0.000621619877656722,0.00038028803030776975,0.0005095471125261783,0.0015061649695552828,0.0023213501585162403
0.0006305475060546636,0.0003858065188937187,0.0005165083501653671,0.0015283609465278625,0.002353431330759001
0.0005421840824836731,0.000331994734060049,0.0004379518851803541,0.0013166546606041432,0.0019982774946353554
0.0006642520413452624,0.0004067419202141762,0.0005745338518338203,0.0016139665023006439,0.0026274025910980226
0.0006524105758124828,0.0003993977860622406,0.0004947507288472653,0.0015830810376025678,0.002256874654207301
0.0007125862010473251,0.0004361722127609253,0.0005316794719712734,0.0017291015275336743,0.002426810454714966
0.0007644897692555427,0.0004682212353758812,0.0006125375349240302,0.0018587028958417416,0.0028029002958423616
0.0009868063353652,0.000603256623547554,0.0005096674654798507,0.002386449699155235,0.0023232529514915466
0.0007976594098562241,0.0004883850992732048,0.0007591135744171142,0.0019383920424200535,0.0034653880649692537
0.001033474824642563,0.0006326511309556961,0.0010276577267961501,0.002509525550953293,0.004695305102456283
0.0009007909320944785,0.0005515437231473923,0.0013728513661937715,0.0021884931020952703,0.006278099366415215
0.0006776957266682625,0.0004150653735809326,0.0016603628937320709,0.0016483353160835744,0.0076044043028242105
0.0009025874466353893,0.0005526050509028434,0.0008899842742996216,0.002191455385140324,0.004064524867523385
0.0010079540156477929,0.0006177555725984574,0.001961907470615387,0.002454350180975342,0.008984072571385575
0.0007304644942933559,0.0004474860833101272,0.001734323913248062,0.0017768725641585828,0.00794352413653202
0.0010169906564706803,0.0006228475675992966,0.00092383929529953,0.002471978296390915,0.0042331889921314245
0.0009688762374872207,0.0005934780494384766,0.0009153862241821289,0.002355992382816219,0.004194127714026642
0.0006963072069639206,0.0004265606061630249,0.0007372519616203309,0.0016933702461935521,0.0033753128678984164
0.0007065521114224434,0.0004327631251029968,0.0008660041187124252,0.0017172676452018262,0.003962337999928666
0.0006915626474374771,0.00042357106069850923,0.0009492742810564041,0.0016806101128973008,0.004344072679568005
0.0007931099482530594,0.0004857003198080063,0.0012292337361888886,0.0019272033528007508,0.005625112547863197
0.0006956712037974834,0.0004260734275989532,0.0012445794586257936,0.001691000047377491,0.0056970062041170125
0.0007605479077154636,0.00046579457382488253,0.0009350519124584198,0.0018480198450900555,0.004279565430570316
0.0007311315656358242,0.0004478165985159874,0.0008692967090921402,0.0017771670990206242,0.003978503701973629
0.0008327525027746201,0.0005100947872810364,0.000725507752986431,0.0020252826639033795,0.003323492062229586
0.0008999266453737259,0.0005513812036328316,0.0007343613002614975,0.002189978809706116,0.003366813457149935
0.0007879218914264678,0.00048259595344591136,0.0009692616108970642,0.0019151056126274109,0.004433586169172001
0.0007062334344440937,0.0004325484142713547,0.0009092033747749329,0.0017160726599909307,0.004157407172907066
0.00091043101108613,0.0005577508465461731,0.0017135553006248474,0.0022140695803381447,0.007844806524503898
0.0006680355683619022,0.00040920360694456104,0.0016503855232315062,0.0016249408960856437,0.007559992768753243
0.0008838914506787299,0.0005412916497402192,0.0015026452485637663,0.0021485131420709135,0.00687873541652031
0.0009749953903907776,0.0005972202674560547,0.0015625008884983063,0.002371172010949993,0.007150012257087899
0.0007958601937347889,0.0004875011772923469,0.0017681284193115233,0.0019359979048885346,0.008095255582917404
0.0006675118633264541,0.0004088134349398613,0.0017963689509944915,0.0016227040447808743,0.008219049253452492
0.0008958754063302518,0.0005485386655740738,0.0021359615568237304,0.0021775762498892786,0.009766506677258683
0.001060969977890873,0.0006497756050043107,0.0017993025724010467,0.0025798702642835618,0.008227861824024392
0.0008333465949350834,0.0005104219273738861,0.0013808481041507723,0.0020265082374729157,0.0063240750664360044
0.0007899942592436314,0.0004838080884032249,0.001106768185289383,0.0019197827943183423,0.005066240463543606
0.0007793801509493827,0.0004772421971969605,0.0012724662963466645,0.0018937083907939435,0.005824468784917068
0.0007970675081664562,0.000488045889239788,0.0013944909814910889,0.0019369084626950266,0.006381725870955658
0.000816757758771801,0.0005001631931476593,0.0012741043213920593,0.0019847734809435844,0.005826497586954308
0.0007496110335642337,0.0004590449065976143,0.0012079437021331788,0.0018214227796114922,0.005522181364286614
0.0008080168680006504,0.0004948080734424592,0.0012525636796073914,0.0019633613639093877,0.005726021870363427
0.000814386574243927,0.0004987027079873085,0.0013005658332424165,0.0019789685197688584,0.005946690123666
0.0009958718173855782,0.0006098515496664047,0.0012413478437976837,0.002419918505898857,0.005676452794063759
0.0010931620114201545,0.0006694598452262878,0.0010699690822677612,0.0026559439555324557,0.0048859138914830215
0.00114997814825716,0.0007042267278842926,0.0013613064233379364,0.002794436340085411,0.006228084027159882
0.0010566114523166655,0.0006471312598400116,0.0016072477344589234,0.002569419685057545,0.007352010142195893
0.0011288835503810882,0.0006915089891366959,0.0014961608294563294,0.002745000232807541,0.006846426060188484
0.0010979340978616715,0.0006725254760198594,0.0013764226380901337,0.0026692810118712426,0.0062995342785007475
0.0008536327265852928,0.0005227666826062203,0.0010219161454753877,0.002073492488316441,0.004670458095658493
0.0012483606570118904,0.0007644306973628998,0.0015267684105949404,0.003032716816715145,0.006982811450350953
0.0014573660977834702,0.0008922940150909425,0.001525919759662628,0.003540198610774422,0.006976478435981941
0.001584148059105301,0.0009701854542903901,0.0016479995194988253,0.00384992586826458,0.007532661714542579
0.0012189575307721137,0.000746691461008072,0.0017774037663059235,0.0029647801608361246,0.008136358320105744
0.0013540926330441476,0.0008298378394060135,0.0021268627885894778,0.003296185787073517,0.009736984729159546
0.0011770210423225403,0.0007212316648178101,0.0018386117760257723,0.0028637447730220796,0.008418841137874795
0.001046720527922535,0.0006412960247211457,0.0019370478633956908,0.0025470371634282113,0.008868049918997955
0.0011482715525382996,0.0007033422247581482,0.001885841989906311,0.002793139748326683,0.008624551212180328
0.0008930894196683406,0.0005468866259865761,0.001737881237657547,0.002171271324209118,0.007946358498323631
0.0009516914837712288,0.0005827579082064629,0.0015473910216407777,0.002313533701799059,0.007076586281645966
0.0010137400709742546,0.000620805154841423,0.0017468647603111269,0.0024651181698359488,0.007985749676216316
0.0009867517196291923,0.0006041903005056382,0.0014074343387203217,0.0023980394065894126,0.006436648877847862
0.0009859308772439002,0.0006035354838781357,0.0014696513060646057,0.002395173499039555,0.006721463450182152
0.0009261853144222735,0.0005670433373265267,0.001157145256193161,0.002249492584220314,0.00529077871083088
0.0009651114024871825,0.0005907207832746505,0.0010559498462991714,0.0023425338596619605,0.004820515137303543
0.0009000911132151126,0.0005510818691067695,0.001168286705406189,0.0021862707913435937,0.005342072820056153
0.0009362415828460694,0.0005732545287423134,0.0010268114898519516,0.002274143875441694,0.004696998696912003
0.0009300451793426514,0.0005695315108709335,0.0009461786542253495,0.002259814337692404,0.004328147665548992
0.0009221761689239979,0.0005647925169281959,0.0009172841105775833,0.0022416320853449346,0.004197848681498242
0.0007747218959683418,0.0004744331420474052,0.0008142581377344131,0.0018824922159828188,0.003721505846965981
0.0008258096963817119,0.0005057185174040795,0.0007641356084661483,0.0020069219351328852,0.0034939399117118837
0.0008900913589352608,0.000545103225212574,0.0006894123274998665,0.002163414460472012,0.003152490569043827
0.000844145907526636,0.0005169122696928978,0.0006399814281778335,0.0020512715086854934,0.0029261610434836863
0.0009013188355320931,0.0005520028279237747,0.0007143483776764869,0.002191092048636818,0.0032668010496980666
0.0008429376073831559,0.0005161124573163986,0.0006818198878483772,0.002047826993516827,0.0031158950672931195
0.0008540690683478355,0.000522581677239418,0.000584976764412403,0.0020711875446654798,0.0026692529106027603
0.0008602390766793728,0.0005263262868933678,0.0005695948992090225,0.002085867562941456,0.0025991699264831065
0.0008058849558884144,0.0004932579577975274,0.0005885855648832321,0.0019561537713326457,0.0026884187409169195
0.0007851730697506904,0.00048038136522102356,0.0005541733484880924,0.001903554916433239,0.002528179666910243
0.0007379334517473221,0.00045146596739816663,0.0005344360340552329,0.001788697225651884,0.002437007287654948
0.00073480268499794,0.00044945661286640166,0.0005153459366576672,0.001779917923412466,0.0023488260032124043
0.0007564081736558914,0.0004626050696783066,0.0005019171554760933,0.0018314175479628087,0.002287408604610634
0.0007168699950629711,0.00043847102234888073,0.0004947727229611873,0.0017361276291824818,0.0022545097769684315
0.00042035590258406995,0.0002572441504411697,0.0005785323102192878,0.0010219750801615359,0.0026356714190430165
0.0006631963439935685,0.000405520665746212,0.0004729544837193489,0.0016045217037714958,0.002155463541064334
0.0004961615538874506,0.00030383107560503483,0.0005342457089738846,0.0012057549039415955,0.0024385789049304247
0.0003923966022858262,0.00024008049937713146,0.00048804748618769646,0.0009529173941865504,0.0022226665878183364
0.00044954726963284015,0.00027509346912431716,0.000557421112449646,0.0010916787457235099,0.002548397563163114
0.0006878748074823856,0.0004213747561984062,0.0005597344394938945,0.0016728427090264798,0.002564756438273859
0.00043103779225590227,0.0002637755082063675,0.0005850680936293601,0.001047178158774221,0.0026695940384156226
0.0006348989125991106,0.0003888253227882385,0.0006526781339364052,0.0015430775378413438,0.002989514153588486
0.0005310449731254816,0.0003252847076468468,0.0006357504669742583,0.0012910135921604872,0.0029088130304104802
0.0006874337927156924,0.00042070865194129945,0.0005340935271399021,0.0016672165789224148,0.0024365653627998352
0.0006135068122947455,0.0003758976006023884,0.0006534688938574791,0.0014926345415927412,0.002991681876916361
0.0006588945151025296,0.0004034469158463478,0.0005881908554749488,0.0016002192073084356,0.0026868455925471305
0.0006089344967806577,0.0003730536655597687,0.0006691331956701278,0.0014809515174992324,0.0030629478865749358
0.0007160719335729122,0.0004386554242186546,0.0007342919204549789,0.0017413862556733132,0.0033639404097086907
0.0006762748048359394,0.0004141745672636032,0.0006317878384308816,0.0016434144028045178,0.0028879361511654376
0.0006319593921953678,0.00038698552856969833,0.0006379259396510124,0.0015351899527527332,0.0029142270819730283
0.0008330231354290485,0.0005101495937519073,0.0006498007718639374,0.0020246536963202,0.0029735054397470474
0.0006680830285603046,0.00040919672260808943,0.0006333790365772246,0.0016240040943540574,0.002895542423564863
0.0007248737559372425,0.00044389346550035473,0.0006489354241805076,0.0017613492824651244,0.002966411675650549
0.0007685121671015263,0.00047033092687654495,0.0005424637962298393,0.0018641186312355043,0.002475962052632046
0.000775139071112299,0.0004748154462389946,0.0006849353183226585,0.0018853324115790369,0.003135630158472729
0.0009120813482159614,0.0005586866469197273,0.0007376287225799561,0.0022186001152314184,0.003379053127158356
0.0007123302080387115,0.0004362912357859612,0.0011566097978668213,0.0017318600655116083,0.005292364924538803
0.0007014778495484828,0.0004295622662715912,0.0015033262614326478,0.001705177352628851,0.0068756679201013565
0.0005694654275381803,0.00034865656058120724,0.0020495988968925478,0.0013837100614376308,0.009374769460547638
0.0009327795439118384,0.0005712016777210235,0.0012985895816402435,0.002266938854060316,0.005945605292308998
0.0007158915483111382,0.00043839471350240705,0.0011918610874729156,0.0017397097476340771,0.005452582308042717
0.0007208889611715317,0.0004415003315620422,0.0010088549945669175,0.001751829741946602,0.004617848266053867
0.0006651711263412476,0.0004073920429759026,0.000826317796500206,0.0016165201426066398,0.0037801963665968896
0.000613985028555417,0.000376074872266531,0.0013920178059654235,0.0014930129506207945,0.006368745865810585
0.0008283721455091477,0.0005072576136403084,0.0012490298692302703,0.0020128312513746265,0.005720119195569228
0.0009909553789252282,0.0006066289202384949,0.0012864332739429473,0.00240674068634882,0.005884460734713746
0.0009271972023600578,0.0005677214891724586,0.0013969782833175661,0.002252818469754601,0.006393208261717034
0.0008718123555833338,0.0005339358926825524,0.0014458998982028962,0.00211938557704463,0.00662244043587513
0.0008290341057533264,0.000507645125787735,0.001141484195383072,0.0020140096568085197,0.005226937385786248
0.0008323666878694534,0.0005096528262906074,0.001048752496035576,0.0020219501287259104,0.004800698489833546
0.000806124885445261,0.0004935983077697754,0.0009084545020179749,0.0019586628146983625,0.004158168637145233
0.0007117377587312698,0.00043585743318128587,0.0010879395697431563,0.0017297476955272198,0.004978492631900979
0.0007425211370641232,0.00045469731400537487,0.0010435023848133088,0.001803872509352112,0.004773748780179691
0.0008267457940334319,0.0005065188438706398,0.0018549324814395906,0.002011392800561333,0.008493603452432823
0.000603520657187128,0.000369634664904356,0.002037005925567627,0.0014672575526453496,0.009315135174382401
0.000631387423788929,0.000386624804984808,0.0014342524055557253,0.0015344366368420363,0.006564429517973137
0.0007918430895263195,0.0004849689037613869,0.0009405613038854599,0.0019245916389442922,0.004307971312988473
0.0008421151951605319,0.0005156632543616295,0.001194781566055298,0.0020463769279934407,0.005468985431779099
0.0010967562817687034,0.0006716993109397888,0.000974045867116928,0.0026656107634819987,0.004457245046783161
0.0008062287867719173,0.0004937168837599754,0.0011947507206516265,0.001959301091781998,0.005467259582269859
0.0008498938851708411,0.0005204758302383423,0.001295174950750351,0.0020656034403063296,0.005930345793951226
0.0009110882983261585,0.0005579961569123268,0.0012454057578163147,0.0022145026937641144,0.005703422510016633
0.0007173383907133579,0.0004393384263925552,0.0010269083175973893,0.0017430413075305462,0.004699996783722115
0.00060709760456326,0.00037189570004868505,0.0007531769965009689,0.0014760165069766283,0.003448294519770813
0.0005427028224522113,0.0003324242451303005,0.0008048039768056869,0.0013191268649466277,0.003684241257000637
0.0004923676312619685,0.0003014862940721512,0.0009376134667711258,0.0011963064037777424,0.004290491523731422
0.0006418534015023947,0.00039313174347209933,0.0007828956935720443,0.0015597111326225042,0.0035882832893616677
0.0006144767344647884,0.00037641033838319775,0.0009344912860708237,0.001493753942526126,0.004281233915079308
0.0006450517990345,0.00039507419924068453,0.0009794449750499725,0.0015675337285317422,0.0044850284883267404
0.0008103508510345458,0.0004963037849478721,0.0009540661815719604,0.001969663629732275,0.004370558978009892
0.0010050630324238777,0.0006155023382120133,0.0011962577644901275,0.0024421153694905284,0.005474550040949058
0.0009251651757115364,0.0005665286661200523,0.0010657648537473678,0.0022470618293203353,0.004868447167564106
0.001005735872005844,0.0006159930483512878,0.0008708631638603211,0.002444112213007355,0.003978819107402038
0.0011607515402788163,0.000710910032790184,0.0010016896519975662,0.002820881173066044,0.004582585735011769
0.0007140022308284282,0.0004374763698391914,0.002007234299571991,0.0017386009417988302,0.009187908177960587
0.0008703966178649901,0.0005330865711979866,0.0011824234668331146,0.0021156915672637467,0.005417574551094246
0.0008256367587203025,0.0005056794242076874,0.0010817667786197664,0.002006850562296057,0.004952456475187016
0.0007785494149381161,0.0004768035219125747,0.001450088704021454,0.0018927113876260758,0.006639256342638207
0.000705477101420784,0.0004321120412163734,0.0015479289833621977,0.0017157876119531634,0.00708702956973381
0.0007848632641786575,0.0004807797850184441,0.0009976421985940934,0.0019076086275793553,0.004566694609213543
0.0006429893065893888,0.0003938162767403126,0.000891251439245224,0.0015624280881650688,0.004078003396976662
0.000627720247274065,0.0003844555907957554,0.0008764789942817688,0.0015252337966628314,0.004011007609356117
0.000877195583348894,0.0005371458933763504,0.0012866965774612428,0.002131594853899622,0.005889347987759782
0.0009525246658081054,0.0005832213715724945,0.001367445642145157,0.002314470148883009,0.0062569486254341125
0.000783539781784439,0.00047984521399068835,0.0013173617366867064,0.0019045419894672872,0.006027952852237893
0.0008134398893171787,0.0004981232614331246,0.0011794859115200043,0.001976515422067785,0.005394812690604401
0.0009621755146140098,0.0005891781554632187,0.0013663008753376006,0.0023380738109864234,0.0062488032036907195
0.0008818243399912357,0.0005399937287979126,0.0011110654417591094,0.002142202630690479,0.0050765702465064046
0.0009467707008773327,0.0005797432170324326,0.0012796138469295501,0.0023003172256566527,0.005849165132034493
0.0009424064435714721,0.0005770794705562592,0.0012029580120162964,0.0022893419452525614,0.005495577477801513
0.0009582158737534523,0.0005868719474487305,0.0015888282004909516,0.002329674159041786,0.007270313807714653
0.0009957505383247375,0.0006096228913478851,0.0013506339136676788,0.0024184181690730094,0.006171475591648292
0.0011499034532064438,0.0007041155950241089,0.0018100356999950409,0.002795878514698887,0.008275088121879768
0.0009418285974020005,0.0005766426281147003,0.001576519364507675,0.002288776193610573,0.007207825153458787
0.0007691056751364708,0.0004708969623856544,0.00120452674666214,0.001867934373817587,0.005503833138335419
0.0007017589599544048,0.000429654377799511,0.0011990185622291565,0.0017042996883906364,0.005476646211136055
0.0007297057517522812,0.0004467361376695633,0.0012700809184627532,0.0017719169840730666,0.005798828058827591
0.000879328043078804,0.000538444551926136,0.001350034350545883,0.0021361415252603533,0.006164379071582031
0.0008285540641004086,0.0005073679418377877,0.0014613749031143187,0.0020138089262463094,0.006677216457713318
0.0009178938717299939,0.0005619890720658302,0.001304788524301529,0.002229611569694424,0.005959762811053466
0.0010150526010149956,0.0006214625642709732,0.0012530639115886687,0.0024657118499793055,0.005734084817159844
0.0010419575684422493,0.0006380670473985673,0.0006576149631457328,0.002531982371262455,0.0030071281687802792
0.0008746184215599536,0.0005359435484819413,0.0007415721286253929,0.0021293399155653953,0.003400590826708746
0.0008996924110406875,0.000550808552008152,0.0006232473272995949,0.002184805475971842,0.00284898541807003
0.0008300111286992073,0.0005078693808131218,0.0005090671871023178,0.002012125147930527,0.0023226394420004606
0.0008680400729829312,0.0005314107717089653,0.0005806537587361336,0.002107785584828997,0.002653015757489872
0.0007772974514121055,0.00047575636516141893,0.000556289253772974,0.0018863890842117312,0.0025402417299783945
0.0007641019464189053,0.00046762073348093037,0.0005469984281973838,0.0018536160961307527,0.0024967665621525763
0.0007747424498850345,0.0004739455388002396,0.0005065937098281384,0.001877054137787962,0.0023100407303757193
0.000765879951482439,0.00046850854466485973,0.0004650703258978128,0.0018551347859717847,0.002121055284093988
0.0006904890977496147,0.0004226125286035538,0.00044525898249614236,0.0016747648992158414,0.0020311408774442196
0.0007779326148981095,0.00047576072375106807,0.0004591970648782253,0.001882773806206131,0.002093750284004879
0.0008083183862918853,0.000494369018178463,0.0004587731752710342,0.001956689998558903,0.002092062533225787
0.0008273295544737816,0.0005059542612247467,0.000466613193990469,0.002002452488294983,0.0021274680684766887
0.0008264021091813087,0.0005054007650427819,0.0004649176299737692,0.002000419914028788,0.0021199559583774926
0.0007760769211405754,0.0004747334376983643,0.0004287588764147758,0.0018799272269524575,0.001955313176426959
0.0007977650635594368,0.0004879071072750092,0.0004465228337960243,0.0019313046753920557,0.0020359987334794523
0.0008093416281694413,0.0004949724928550721,0.000457258839176774,0.0019590774864472393,0.0020848386261127115
0.00082131726003232,0.0005022955269627571,0.0004698683004992008,0.0019881188720978736,0.002142232079196644
0.0007558047719949722,0.00046235683123397827,0.0004251205492930412,0.0018310342625297547,0.0019385904112345696
0.0006757331014329434,0.0004130650715045929,0.000397625026309669,0.0016344468713320732,0.0018119187172017217
0.0006985488981658458,0.0004272206307463646,0.0004201853657307029,0.001691347158751631,0.001915007731083703
0.0006698889256173611,0.0004093297825269699,0.0003950298144647777,0.0016183591679252624,0.0017999733936953516
0.0006575382486635685,0.00040190080116319656,0.0004000916276292801,0.0015900788561023713,0.0018228422968163311
0.0005146895681226492,0.0003144397654645443,0.0003899998511353433,0.0012445437577135801,0.0017766249326969653
0.0007417508215362071,0.00045409493456411364,0.0004956653844730854,0.0018004405841745377,0.002264384671810937
0.0007772724800461769,0.0004754550636820793,0.0004997821506278515,0.0018824791826821804,0.002278886074338031
0.0007952504032010078,0.00048640279034900665,0.00048306437769699093,0.001925427632085228,0.002202146861839962
0.00079692217043581,0.0004875772849731446,0.0005108518507497311,0.001931329855374241,0.002329611535135579
0.0007603055686408519,0.0004654106603078842,0.0005344738084988594,0.0018451154582716466,0.0024394415234661815
0.000584501402517581,0.00035791462967920307,0.0005636957828121185,0.0014196890641517879,0.0025710892484969616
0.00073919881365242,0.00045268179039287563,0.0008344764951782227,0.0017962108791388513,0.0038161360496170044
0.00084471539339962,0.0005171901688985825,0.0011588785890655519,0.0020517651781953813,0.0052985717767364505
0.0008698142082149028,0.000532509426873207,0.0012403487209396362,0.0021124314688660143,0.005673280774939728
0.0009318400145226955,0.000570456180077076,0.0011101639960126876,0.002262580057284975,0.0050768656456357955
0.0009656176202649117,0.0005912270502262116,0.0013155730609016418,0.002345876590958977,0.006019962989676667
0.0009783747755640984,0.0005989658043794632,0.001250375444086075,0.0023761844233192446,0.00571924504278965
0.0009394431017989157,0.0005751847134046554,0.0013252019230442047,0.0022821036756552697,0.006062819340217782
0.0009470277161056041,0.0005799869851284027,0.000863638946803093,0.002301573387584829,0.003952232573319149
0.0008339924187118052,0.0005107923851423264,0.0008960831705646515,0.0020271607891239165,0.004099465256322097
0.0009013458513373374,0.0005519079671316147,0.0010533152017908097,0.0021896852501250745,0.0048185794258005146
0.0008828629881793499,0.0005405818478279113,0.001165114188583374,0.0021446663678206445,0.00533149887858696
0.000956117658382082,0.0005853817121200561,0.00135862528720665,0.002322718366286898,0.006218446707118226
0.0008668518521541596,0.0005309970633201599,0.0017482967917041778,0.002108380062929535,0.008003341745722961
0.0008661295079344748,0.0005303772048168182,0.0012378192190246582,0.002104667788795376,0.005666428821671676
0.0008975269847268103,0.0005496514470391274,0.001004813263209343,0.0021810451470829486,0.004599248328197671
0.0008044417277628421,0.0004927320213131904,0.0008738173488693238,0.001955699556372309,0.004000115812707615
0.0010651319452280044,0.000652496616642952,0.0009160306248979568,0.0025901256099857333,0.004193558351088238
0.0007626202390247822,0.00046712910692024235,0.001122221464307785,0.0018538483903326036,0.005133747228372764
0.000838995599811697,0.0005138259188346863,0.001044073158891678,0.0020388161950327397,0.004778355740893555
0.0006875727415734768,0.0004211675108485222,0.0007336099464612007,0.0016718981050468922,0.003358078053731394
0.0007172815114909649,0.00043946388671922687,0.0017909902278499604,0.001745154032162571,0.008191591220486832
0.0007874381989890576,0.0004822816656045914,0.001188054943473816,0.0019137093648828507,0.005439961191404533
0.0007316724658662319,0.00044812404672431945,0.0007781109903173447,0.0017780694999314786,0.00355934254466362
0.0006795867235118389,0.0004162917913012505,0.0009335987810211181,0.0016519549385227204,0.004272597522426319
0.000657734916424179,0.00040287147025394436,0.0010333867464380263,0.001598500318876648,0.004729438706625176
0.0006630782046073914,0.00040613180707025525,0.0010807195548133849,0.0016114190683282853,0.0049472370767480855
0.0006553171478861808,0.0004013600231223106,0.0011570199076251983,0.0015926379047848226,0.005296458050001335
0.0007036670424694061,0.00043094637553024295,0.0012369581405239105,0.0017100948967553615,0.005662494113434028
0.0007233740501755714,0.00044302427331733706,0.0010685836319046021,0.0017576728277422429,0.004889815323937606
0.0007470322654301166,0.0004575195566825866,0.0011166955772953034,0.001815281967125082,0.0051085343921072005
0.0010805132114047051,0.0006615579233579636,0.0010088779274539947,0.002624786564759159,0.004615175179529857
0.0011238206424468995,0.0006881324009113312,0.0015891667846755983,0.002731366691044712,0.007271813463557434
0.0008414350175017357,0.0005154615075402259,0.0021380513552742004,0.002047138533792639,0.009788250666249465
0.0011850860633605958,0.0007258002714328766,0.001393535668046951,0.0028810226738966945,0.006378386860478593
0.0011822475784176827,0.0007239672050886154,0.001275337601097107,0.002872734381309891,0.005836446841943932
0.0011001853176111221,0.000673695187371254,0.0015519421044902803,0.002673862350038433,0.007097873800385667
0.0012194774754995346,0.0007468654916696548,0.0019431600812988281,0.0029656091496862414,0.00888450489579506
0.0011564175479763985,0.0007084860757999421,0.0019649510625915525,0.002813201455823326,0.008992163282025529
0.0011329378925913811,0.0006944060877971649,0.002220109784992218,0.00275890277480259,0.010170331781495285
0.0012375618555301665,0.0007583005533628464,0.0019415348414497375,0.003011060613445187,0.008886837875235748
0.001039904075180912,0.000637036050956726,0.001770614916475296,0.0025298835665501593,0.008106022238124084
0.0008647884652668476,0.0005297782004885673,0.0022358795646743776,0.0021042924829341413,0.010240686177600097
0.0010581268199438094,0.0006482805416994095,0.0019117728714065554,0.002574015741101647,0.008751477705825043
0.0011069542371386527,0.0006781248108558655,0.0020438298229293822,0.0026933403075255396,0.009350084953892899
0.0011412819795960426,0.0006990577981882095,0.0019244522098617553,0.0027763306916274073,0.008798980008948517
0.0011108436369055748,0.0006805816249065399,0.0021371833924369813,0.002704923985949898,0.009775934951890183
0.0010599522121900557,0.0006494584784917831,0.0020894184354858397,0.002580547109297657,0.00955984405814476
0.0010715311863178252,0.0006566466645412445,0.0021536965016441347,0.002610312153450394,0.009855528175223541
0.0011207165994400023,0.0006867002354078292,0.002030089044960022,0.0027288976342000008,0.009289053493130875
0.0011035227187627791,0.0006760540113859176,0.0019508176092224122,0.002685637360862637,0.008924104302514268
0.001076130152558708,0.000659199188750267,0.001814042741449356,0.0026178365350283624,0.008296788423646164
0.0010490507506484032,0.0006425929621868134,0.0017297069374637604,0.0025519353792585377,0.007910715847600175
0.0010170530848855018,0.0006229903058223724,0.0017101134006099702,0.0024741845593370436,0.00782207610248394
0.000978181357001686,0.000599174882572174,0.0017045366410331727,0.002379702705196285,0.007798191031206322
0.0009146814369315147,0.0005602427975349427,0.0017503954414443972,0.00222508396064415,0.008010045489061547
0.0008829116166287898,0.0005407436967902184,0.0017796334866600036,0.0021474111632026676,0.008143540173161698
0.0008954078868681431,0.0005483918146305084,0.001741542184741974,0.0021777543716646674,0.007968280910838317
0.0008817985654527188,0.0005400497422628403,0.0017142124418334961,0.002144681440345192,0.007843663307417106
0.0008730541699284553,0.000534684161942482,0.00166858028808403,0.002123381480626011,0.007635601472247315
0.0008916917533332348,0.0005460675911121368,0.0016409749929027556,0.002168458613804722,0.007508839111912918
0.0009203132466131688,0.0005635472343378067,0.0016650389675216676,0.0022377957731999397,0.007616159024227333
0.0009836475305909156,0.0006022408709936142,0.0015643014554100037,0.0023908838585533143,0.007154144578564834
0.0010417370610589028,0.0006377236352376938,0.0013579763714389802,0.0025303859249271397,0.0062118666762001045
0.0010412969224804878,0.000637470524113655,0.0012067654971199037,0.0025288270712412837,0.005520512267339897
0.001016243267869377,0.000622187431257248,0.0010665100608186723,0.0024681982845582012,0.004879083169389439
0.0010290750452035904,0.0006301971779279708,0.000882231840880394,0.0025011216432370186,0.004038680812109185
0.0010461794086450576,0.000640928070347786,0.0007314722258763312,0.0025454029471196175,0.0033527363718933584
0.0009790195041054725,0.0005993733660392761,0.000563589433224678,0.0023769635841764452,0.002575570965696049
0.0009495246336513996,0.000580910067360878,0.0005180742796676159,0.002301012335024023,0.0023634778612739563
0.00113158169916811,0.0006922796324901581,0.00046586067789959905,0.00274123476152792,0.0021264238111189725
0.001155388829922104,0.0007070946351699829,0.00044860964270102975,0.0028019337684430123,0.0020482067353538394
0.0010907623507732391,0.0006673632071428299,0.00044669433871078487,0.002643574377945805,0.0020384868382922533
0.0011074104391688346,0.0006774960116558075,0.0004517924692647457,0.002682966686836624,0.002061781953412962
0.0010922063090557097,0.0006682557121925354,0.0004679587800221443,0.0026466929719366076,0.0021358844173587086
0.001093697143411064,0.0006691769615821838,0.00047719158047604556,0.0026502704799689298,0.002178113733742309
0.0010590747096294402,0.000647996004026413,0.00048053313234615324,0.0025664863944567682,0.0021932435484117987
0.000856302399253273,0.0005238038257770538,0.0004576578289436102,0.0020744315065957548,0.002087809229779911
0.0007898046009892463,0.0004831166596226692,0.0004495258461849689,0.001913127388111496,0.0020499012229479073
0.0010223741762989999,0.0006257258907966614,0.00047788021528887746,0.002478448133222008,0.0021824611229336976
0.0008874033593291282,0.0005428078130893708,0.0004568283390419483,0.00214945783471241,0.0020840851746014477
0.0009339698456877709,0.000571310173075676,0.00047366620788145063,0.0022618393756963255,0.002160441843185496
0.0006747686371857166,0.00041293435851860044,0.0004884082433001995,0.001636400093189621,0.0022261440092212676
0.0007047608905190468,0.0004316482425742149,0.00043553026394712923,0.0017120989218868256,0.001989241307739091
0.0006764512107426166,0.00041394309262561795,0.0004635523576455116,0.001639880693755293,0.0021131219189128997
0.0006964415923410893,0.0004261025519185066,0.00047233282590079307,0.001687492848239088,0.00215302563062675
0.0006645453453713894,0.0004069600285105705,0.000441224716620326,0.0016139275797225476,0.002014381238397133
0.0007322819643372535,0.0004480438486747742,0.00043539972977507115,0.001774351640097046,0.0019864087832606554
0.0007255119495743752,0.0004437436417751312,0.00041306165048646926,0.0017567052603281977,0.0018832887647188426
0.0007068891153389454,0.0004325120926909447,0.0004333055168555975,0.0017132663332439899,0.0019759340311846854
0.0007065483146065712,0.00043224188248443604,0.0004344620071517229,0.0017116228960968494,0.001981055056814027
0.0006900862701887131,0.0004222532020025253,0.00047882436403799054,0.0016726107694722654,0.0021827703529483794
0.000709553202306652,0.0004343705059103966,0.0005298501495437623,0.001722217994234705,0.0024186004718280553
0.0007409897424930572,0.0004534376368932724,0.0005429299641566276,0.0017967594303704738,0.002475795163351965
0.0007875171289497853,0.0004822892428450584,0.0006941738519983292,0.0019143344313420298,0.003174054399270487
0.0007874804385656356,0.0004822359562926292,0.0008120883647518159,0.0019136629060424806,0.0037105407619363786
0.0008320675425881386,0.000509509082239151,0.0011631551925258637,0.002021696289680147,0.005320303925264549
0.0007862450861090659,0.000481511044602871,0.0015109222773628233,0.0019113835856832506,0.006915413903582765
0.0009012897752875327,0.000551989014547348,0.0009353800360279083,0.0021904099725700856,0.004282744186509323
0.0010085785918587684,0.0006178843186311722,0.0008767653647975921,0.0024531938523568156,0.004016408493507576
0.0009606840231174468,0.0005884866819791793,0.0008532268349246979,0.0023363131627954486,0.003905343320358467
0.0010257036187404632,0.0006281811402254105,0.001046361530216217,0.0024926932648338318,0.004785900361228657
0.0011163067438358307,0.000683540995519638,0.0009946536366062164,0.0027122781366623883,0.00455150839923687
0.0009898474388474463,0.000606272946398735,0.0009761012438850403,0.0024061195210136415,0.004472228948164654
0.001029899027263546,0.0006308186904602051,0.0008924318347291947,0.0025042184263981823,0.004088204363871289
0.0007382274129146576,0.00045220469246435164,0.0007940907422618866,0.0017952735454358102,0.003634982278335762
0.0007711045526618003,0.00047227865765619276,0.0013993624095039368,0.0018747563757516386,0.006406219705331994
0.0007731698379570484,0.00047357168356704715,0.0015027140919284822,0.0018800384089864733,0.0068835210049039836
0.0006774476558619976,0.00041489646146821975,0.001244502926261902,0.0016467018977321625,0.005696853911269379
0.0006232700322473287,0.0003817264207713604,0.0008490332011299133,0.001514460399425769,0.003886262006450367
0.000631249515404725,0.0003866012015454769,0.0011722003165798188,0.0015340089317925215,0.005361772900212478
0.0007815983310991764,0.00047863059799003603,0.0013115688804702758,0.0018993163452066422,0.006002678363908005
0.0008465155222171783,0.0005183500454835892,0.0014772402588443755,0.0020578627236701487,0.0067587523335105905
0.0006978435300940514,0.0004274228022508621,0.0011322425548152923,0.0016961151302374842,0.005183620890367699
0.0007508542717153072,0.00045995965163040157,0.001386462951095581,0.0018258702382959366,0.006350647922743034
0.0010130898662561417,0.0006204490021877289,0.001065943891199112,0.0024623880923308377,0.0048829229497797015
0.0009248491272980212,0.0005664741949253082,0.0010340083036737442,0.002247784069231892,0.004734289621699524
0.0007475163229459762,0.00045773703913021084,0.0006720722485499381,0.001816156616858387,0.003072790985692215
0.0006964061797315121,0.00042665437171983715,0.000756695294769287,0.001693971285275364,0.003465163912761879
0.0008083275862688065,0.00049514983157444,0.0009315581564025879,0.0019653872885324,0.004268299842763615
0.0009155662775689603,0.0005607855201773643,0.001036534944565773,0.0022257979549981594,0.004749182065714073
0.0010066726633066177,0.0006164886311702728,0.0010559704546051025,0.0024452667683876996,0.004825911938536835
0.004478441230272675,0.002737122918766022,0.00178433477321434,0.010815788133493806,0.00796956947981186
0.0012526055701726913,0.0007669352994375229,0.0015617200974540712,0.0030446647182621003,0.007150880693782044
0.0008704595938974857,0.000532913568716526,0.0014543184582309723,0.002115919960341597,0.006653235029566955
0.0011655633472556113,0.0007135048911981582,0.0014078069869594575,0.002831532128206635,0.006444218608129692
0.0006474080883616447,0.00039660218666124345,0.0020747274402694704,0.0015752153076745512,0.00948911566673584
0.00082567691734972,0.0005056523115448951,0.001906708324344635,0.0020068533108152393,0.008720342188466262
0.000792194952135706,0.0004851109490804672,0.0015645189825611115,0.001925843545100832,0.007158450424063873
0.0007729087338501452,0.0004732430235557556,0.0012713186685161591,0.0018777061574675085,0.005812237178672028
0.0006130062532329798,0.0003753486529998779,0.001456276113183975,0.0014900834724821091,0.006652643006432724
0.0007702744007760525,0.00047154093841838835,0.0013946261648254393,0.00187128038560524,0.006375155230749321
0.000812185078179264,0.0004971789673976899,0.0014280990604476928,0.001973114883206034,0.006527452977884483
0.0008856150955611705,0.0005421447486691474,0.0016727979723529817,0.002152134005776787,0.007643784865129661
0.0009049345359856129,0.0005539900989346504,0.0012533031646327973,0.0021982347406960968,0.005734289779651833
0.0011174572520607948,0.0006840721176080704,0.0012792172376232148,0.0027143246308483126,0.005855205809462739
0.0010072346650713921,0.0006166273460798264,0.001338490391166687,0.00244696162944212,0.006124328910697174
0.0011621543907279015,0.0007116851017885208,0.001037652039916992,0.00282478655283823,0.0047583431133515364
0.001177183064138317,0.0007207454250268936,0.0012251870874481201,0.0028595453903593063,0.005609336560357284
0.0010584024541729926,0.0006482805416994095,0.0009169175420122147,0.002573692657104874,0.004205792611230087
0.0014381475650424003,0.0008805726275854111,0.001539647126586914,0.003493153360537434,0.007045664709199142
0.0020346234687322615,0.0012456192628555298,0.0013820862118320465,0.00494160364126339,0.006327357732642364
0.0013595095940584182,0.0008320476667098999,0.0012040528897361755,0.0032992330968894005,0.005511391436446381
0.001292684831535244,0.0007922454283647537,0.002131897116096497,0.0031496281832970622,0.009763821750271988
0.0011598364346379279,0.0007108597860746384,0.002661997998149872,0.002832252594880009,0.012164019905913544
0.0009468992449993133,0.0005800755874328614,0.0021941744331436157,0.0023040599994875433,0.01005669600306816
0.000921473831003332,0.0005643559650592804,0.0019555735234336852,0.002240781462988997,0.00894361248551674
0.0008373508118742943,0.0005129581571631432,0.0021895726565437316,0.002037284117243433,0.010016796910155487
0.0008216104545349121,0.0005032374964170456,0.0017495907787399294,0.001998045814088726,0.00801278757690258
0.0009179090589934826,0.0005620441020541191,0.0018391865734176636,0.0022315818146385197,0.008408854320038033
0.0009681276076191903,0.0005927270756177903,0.0017302355114536287,0.0023535250992096904,0.007906491660464478
0.0009449315816813947,0.000578528086941719,0.001760282063873291,0.0022971917160369395,0.008043724664438439
0.0009038797878378867,0.0005534001694135666,0.0017554292325096129,0.002197385270944977,0.008021834098685456
0.0009431409449035168,0.0005773894892148972,0.0021115153674201967,0.0022932248935617445,0.00965468943058319
0.0009593020551556587,0.000587246115606308,0.001490091795118332,0.002331083351425076,0.006811679201710892
0.0011851652853840829,0.0007255158231668472,0.0012703730110244752,0.0028783927843488693,0.005809704136241149
0.0009039072782451153,0.0005534475998096466,0.001485285008342743,0.0021968269669033528,0.0067944615358001715
0.0009043118581825733,0.0005536484749131202,0.001586627984436035,0.002197906691632414,0.007256723406303596
0.0009606582485789299,0.0005880759016685486,0.0009998766128139496,0.002332466831854725,0.004570948805797767
0.0011085232712978363,0.0006784461841993332,0.0009148316774682998,0.002691075882367039,0.00417935979901619
0.0010831587888950347,0.0006627275005989075,0.001071338215859413,0.0026273490712560655,0.004884520187366676
0.0009800523840540886,0.0005998393998556137,0.0008882023934440612,0.002379012915543461,0.004054684218157006
0.0008517696217352391,0.0005215722278766632,0.0008445222173051834,0.0020699752703823094,0.0038628975072390556
0.000816482015019083,0.000500105972688675,0.0008344543222503662,0.0019855450168766026,0.0038218850025422096
0.0007272657499367237,0.0004454592273645401,0.0008531307224349976,0.0017682570204652789,0.0039054537632948875
0.0006907662653082847,0.00042306555370616916,0.0008800013158636093,0.0016789856493987084,0.004028219150889587
0.0007655582078451156,0.0004687846333794594,0.0007058504019098282,0.0018603271820165157,0.003230062747884464
0.000800320904766941,0.0004899669320397377,0.0006107997317032814,0.0019438876621939182,0.002793894807387066
0.0008216143608743191,0.000502929243546009,0.0005811344552950859,0.0019948319972075464,0.002656953936207962
0.0007108149134272576,0.00043498864332962035,0.0005309821423308849,0.0017242266297854425,0.002423736731845808
0.0008036921121829986,0.0004915401370339394,0.0005218719300048351,0.0019465265952564718,0.0023807135430610896
0.0006864304476136207,0.0004200447381548882,0.000508187098445177,0.0016646608993925096,0.002318190184000802
0.00048685491929742095,0.00029774156707155705,0.0003892443929964602,0.0011800548309974313,0.001774608041297567
0.0007372208186143875,0.00045160571048784255,0.0005326429326252937,0.001793451986513281,0.002440665225077343
0.0006519906260723114,0.00039900470833110807,0.0004890621099786759,0.0015810432322837355,0.0022306875826305864
0.0003838373699875414,0.00023483072343099116,0.0005168452244417668,0.0009320708182223082,0.002345135555554104
0.0005080617879235983,0.0003106085092835426,0.00039800988418775795,0.0012314928576864243,0.0018158970488681614
0.0006350844454670191,0.00038945109332728386,0.0006048134435133934,0.0015493967380888702,0.002783597381550741
0.0003763969023430586,0.00023029946098852158,0.0004718573708252907,0.000913938621063897,0.0021451228873319147
0.00043015541589798927,0.0002631404561065435,0.00045134933480787276,0.001044603372602904,0.002060904432225895
0.0006562023536020756,0.0004020347104482651,0.0005076025109903812,0.0015965123415507317,0.0023269604453331947
0.0007424661562496662,0.00045422124425697325,0.00046524056793916224,0.0017985574052251816,0.00212292309156425
0.0007127341673428059,0.00043611369590091704,0.0004575177841054201,0.0017275802664972783,0.0020873471710345865
0.0006360035487169265,0.0003893096515052318,0.0004690298419611454,0.0015431995809592246,0.002139731138709855
0.0005608183436745643,0.0003434619710855484,0.0005193708148019313,0.0013628702126957416,0.0023726706536001682
0.0005715502627843857,0.00035014758939671517,0.0005885848496274947,0.001390120007149124,0.0026951184013373373
0.000576313642104888,0.00035281643207001685,0.0005478195306079387,0.001398945014602685,0.002500897403571677
0.0006459543094688892,0.0003952955820672512,0.00048116281444001194,0.0015660446517683506,0.0021946485315895796
0.0006585522540563584,0.0004029379666857719,0.0004943520855324268,0.0015961699292577744,0.0022537263670451167
0.0006832014747613906,0.0004181832627468109,0.0005398758221583366,0.0016579430752016546,0.002464266737688255
0.0006731118381673336,0.0004121003479771614,0.0005504239332096576,0.0016344234645880701,0.0025137612496948956
0.0008490690999382973,0.0005199701891355514,0.0006288974005894661,0.0020640578859068394,0.002879501965034676
0.0008217737906331062,0.0005031476647667885,0.0013050584439353943,0.001997361344150448,0.005972051578152848
0.0005140403126085043,0.00031496032635498045,0.002337004566581726,0.0012540775727994682,0.010708156626809311
0.0007328951866084575,0.0004487169713788033,0.002194996261985779,0.0017812548563398362,0.010034275882828902
0.0009905128308290482,0.0006066533283405304,0.0018806554917411805,0.0024094063953079225,0.00860084252296753
0.0008560542554313182,0.0005241768986992836,0.001387559348733902,0.0020808077164508345,0.006348591765154076
0.000987707933103466,0.0006047851697616577,0.0014335010294036867,0.0024002380446113587,0.006560666292298508
0.0012726091676110267,0.0007792092220001221,0.0014907266739921572,0.003092112670890236,0.006819872801888657
0.000851652395045185,0.0005215129734091759,0.0015645733419971464,0.0020706135474659443,0.007163001244652939
0.0008764187694245815,0.0005366083563380241,0.0013733269218521118,0.002129796701721096,0.006284802293170166
0.0006520363704020023,0.000399294543366909,0.0018001619521694182,0.0015852107853211402,0.008234623953092766
0.000716225704615736,0.0004385912970714569,0.0015450088624076844,0.0017411697432912828,0.007071826007354927
0.0007336905100101471,0.0004492921040468216,0.001321861768157959,0.0017834484406329633,0.0060512585574275975
0.0010380773686522484,0.0006356848434619903,0.000872349375875473,0.002522234171680355,0.003989100507784557
0.0008269841537529468,0.0005064871491007805,0.0006774740386919975,0.002010796903870249,0.0031026662082857606
0.0008862044782096386,0.0005426337377243042,0.0012527280096130372,0.0021534783863045217,0.005728995051372719
0.0007798277736360073,0.000477479617398262,0.0012643426004962921,0.001894693247280264,0.00578204236565895
0.0010221277483457565,0.0006256834224872589,0.001278853351266861,0.002482675710371876,0.005852994909275246
0.0010136038236969948,0.0006204732761793137,0.0013271336499767303,0.002461952939680958,0.006071958952534866
0.0009362426415735722,0.000573244850438118,0.0009385196510868073,0.002274239718965435,0.004291790708292198
0.0009450876892262935,0.0005786192820482254,0.0010350126568393707,0.0022956611455000877,0.0047314860859400745
0.0009829450466388701,0.0006017392085008621,0.0010244180206375121,0.0023871451631702423,0.00468156914501257
0.001036675029312992,0.0006347757087163925,0.0008671508077697753,0.002519228355637932,0.003965674764800739
0.0010625414215678214,0.000650433416765213,0.001292480492980957,0.002580654922179127,0.005912315219033432
0.0010219097234958649,0.0006255070672445297,0.001088129023106575,0.002480771961859608,0.004971889940787029
0.001089499909495735,0.0006670236841850281,0.001532900745065689,0.0026465906560935023,0.0070042790257818215
0.0013396329709047317,0.0008199880079441071,0.0019227330926971436,0.0032542254746474267,0.008772374081004333
0.0007781353794688225,0.0004765504778437615,0.0023210786823349,0.0018936983719982149,0.010611108111727906
0.0008212549776488781,0.0005029141561203003,0.00144562559762764,0.0019962288655854706,0.006618302806604576
0.0006277470257783174,0.00038451541523265836,0.0022874933127479554,0.0015257010005928517,0.01046952639161415
0.000655626807426834,0.0004015980691723823,0.0024103828314857483,0.0015972469941295626,0.011026381718505096
0.0006810228691154956,0.00041710105846452713,0.0019528337363319396,0.0016545896158136368,0.00893940463005371
0.0006157730732763052,0.00037708657915520665,0.0013815478924827577,0.001496995022944355,0.006324351888287736
0.0005997293905073643,0.0003671871938817501,0.0016856717709617616,0.0014570896275855542,0.007707151755083274
0.0006592023857587815,0.00040357161621379855,0.0017677392307834626,0.0016013314709581376,0.008082495647061538
0.00071001619479599,0.00043472091416645053,0.0013146574441509247,0.0017253187671817782,0.006012776645410729
0.0006812231511527538,0.00041711648116636276,0.0009033645633773804,0.001654362286678696,0.0041300467216856
0.0007714481644982337,0.0004723892540745735,0.0007969349567012788,0.0018741954118527413,0.0036439744973070145
0.0007575598501318931,0.0004639994383864403,0.0007672650758342742,0.0018419193737722874,0.0035137394109255793
0.0006792077355736732,0.00041600211272764206,0.0006957147363739014,0.0016512863390661717,0.003185756451029253
0.0006947485410326958,0.0004253861338906288,0.0006237813998179436,0.0016877556421376707,0.002853312494743538
0.0007102437116855621,0.000434941570561409,0.0006491949726061821,0.0017263322614647389,0.0029718767636901858
0.0007820315696949005,0.0004789456234388351,0.0007396986726837158,0.0019010230869568826,0.003385234665263367
0.0010423392944687844,0.0006383535967283249,0.0009159707222299576,0.0025332401291049958,0.004189075102794838
0.001039913348173523,0.0006370010481290818,0.0008304968569593429,0.002528756496361637,0.0037997815126068115
0.0010071648620718955,0.0006170082644634247,0.0008644646648483277,0.0024496370912112236,0.003958733803916645
0.001135352813517475,0.0006952395395450592,0.0010645331833677293,0.002758645832590008,0.00487663096873827
0.001028227698122883,0.0006300038800649643,0.001929435396583557,0.002501675957492733,0.008836663710463715
0.0007809603565091133,0.00047838383476066584,0.0021884244922714233,0.001899160034260893,0.010017516320336532
0.0008966176108175755,0.0005491621450595856,0.0018992067221717834,0.0021800602905966285,0.008688350074876023
0.0008454356931799887,0.0005176070512347221,0.0019183582309799194,0.0020550144598402023,0.008766572254288865
0.0005107909683788061,0.0003133014471344948,0.002927652740867615,0.001253173664636159,0.013396024947751236
0.0005681345340514422,0.000348039864849329,0.002700895929725647,0.0013872487355537652,0.012343518870461655
0.0006321747884804249,0.0003868906007223129,0.0021749176029281616,0.0015320855003364325,0.009946975743163299
0.0006261970304602623,0.00038394040549921985,0.002689319157989502,0.001532911652005458,0.012311946480858994
0.0007554838315302372,0.00046271823654699324,0.0016180044654922486,0.0018354443058885576,0.007428882917154503
0.0008286566876524926,0.0005073526532464027,0.0015313856546001433,0.0020139335848905087,0.007006540962446404
0.0008491803393417836,0.0005199416459612847,0.0017326514665203093,0.0020640820019461156,0.007923248364914131
0.0009141616747433184,0.0005597223148756027,0.0018310286346988679,0.002222000210783625,0.008368456702817155
0.0008887812019044399,0.0005442160622291565,0.0017808031980113982,0.002160500764153147,0.008140569441903306
0.0008288936965817451,0.0005074325830750465,0.001547567689807892,0.0020140562043107985,0.007074879213560295
0.0009808124043697358,0.0006004145548753738,0.0013287444058971405,0.002382535630515957,0.006079859399188233
0.0009801417552584648,0.0005999369428567887,0.0011753676477985382,0.0023798227534212115,0.0053772528761512756
0.0009788381331318854,0.0005991403714828491,0.0012049014512615203,0.002376889640144253,0.005514491187918854
0.0010738961645120621,0.0006574244157485962,0.000879379713924408,0.002608792842975998,0.004025984161484909
0.0008062234201187134,0.0004937445328645706,0.0008628112171010971,0.001959831112674618,0.003948299089956951
0.0007664415151530743,0.0004694073082022667,0.0006825690288262367,0.0018634336293257715,0.0031262964033967975
0.0008914565332883834,0.0005457573042325974,0.0006330100540237427,0.002165538001856947,0.002896248870480728
0.0007068492122644424,0.00043294160376119615,0.0006578232143239974,0.0017189374149359704,0.0030121835359818456
0.0008299936049336433,0.0005078677714877129,0.0006061923001127242,0.002013372886977339,0.00276888152374692
0.0007824446924680709,0.00047874857048320774,0.0005614119041876793,0.0018976416990674973,0.0025639646583683015
0.0007808011092895507,0.00047743596444654467,0.000530786843986988,0.001890243660710001,0.0024195372974014995
0.0006106772900277614,0.00037381299893188475,0.0004550096281038523,0.0014817661431200742,0.0020752737523502826
0.000748239068751955,0.0004574014277272224,0.0004903955478386878,0.0018093745127834321,0.002234851597759795
0.0006694850758368015,0.0004095999927334785,0.0004688900318162441,0.0016223301575101854,0.0021376321615166186
0.0006476260401958465,0.00039629356498646737,0.00044756216184961795,0.001569955262593174,0.002040864806387496
0.0007048452236408234,0.000431144322555542,0.0004891531262712479,0.0017073084302760603,0.002230294652793479
0.0006565052591914176,0.0004017997265868187,0.00045248195344376564,0.0015921327092267516,0.0020642586515731334
0.000649078121473813,0.0003972993933670521,0.0004461728278713226,0.0015745995507158279,0.0020357049930355667
0.0003927905630038917,0.00024035966425019502,0.0005807032454924583,0.0009548578043982327,0.002634948640454483
0.0005259336740428448,0.0003214522668235302,0.0003892464242109954,0.0012741398565985203,0.0017759252544938744
0.0006477558620923996,0.000397224939715147,0.0006207596007900238,0.001580417722515011,0.0028564554230756283
0.0004223146625513077,0.0002584335089735985,0.000470436291785717,0.0010257057959727884,0.0021455091313905238
0.0005723936670178414,0.00035069183195757866,0.0006332802418785096,0.0013930785663939954,0.0029092359186596393
0.0006661347874158858,0.00040769674191999433,0.0005223827343599796,0.001615898622623825,0.0023852722743041036
0.0006567865521365642,0.0004022981257252693,0.0004228487461971044,0.001596256108633423,0.0019313278439900994
0.000663876850222969,0.00040642977814006804,0.0005141144003884792,0.001611976131103182,0.002348174012217593
0.0005655991189831733,0.00034655068005251885,0.0005746235046701431,0.001376212500087166,0.002631502861667347
0.0006265866969430685,0.0003835986920707226,0.0005281201917843819,0.0015211962663151265,0.0024126348180211307
0.000550198759203577,0.0003371155181043148,0.0006280767563896179,0.0013389154494322778,0.0028797934853918078
0.0006085606381947041,0.0003727615729980469,0.0006415609810667038,0.0014796306767083647,0.0029385541291422367
0.000652594794397974,0.0003996949748210907,0.0007283910159187317,0.0015863996528603078,0.0033348804438001634
0.0007033812955671787,0.0004306436658911705,0.0006348384935574531,0.0017083586305893898,0.0029021817588693617
0.0006875671923810482,0.0004211430133395195,0.00070553164372015,0.001671906439266348,0.0032311115474886417
0.0008244139284545422,0.000504617358844757,0.0006291799042539596,0.002001298908195639,0.002875266958165836
0.00067401321685853,0.000412866141002655,0.0008177732173519134,0.001639165635458374,0.003743187571454716
0.0009164048627668857,0.0005611771673970223,0.000854759180934906,0.0022276259862400536,0.003917323010552597
0.000819867095416212,0.000501975584130764,0.001464584970863342,0.001992726542852068,0.006698368015278053
0.0007882803619557858,0.00048265737603235244,0.0009789648596363067,0.0019146949306644442,0.004482657946038914
0.0007217960715943813,0.00044205045263099674,0.0010331867430524826,0.0017544850774623396,0.004734035664189529
0.0007667226620668411,0.00046945053647089,0.0015436931494789124,0.0018634853192187788,0.007061395784605217
0.0007004189029985905,0.0004287604869418144,0.0017280209008769991,0.0017028658479966165,0.007904105603087616
0.0013701827355379105,0.0008389728621654511,0.001079462492855072,0.0033290041700519564,0.004945486321438026
0.0009281630904132367,0.0005685687766485214,0.0008130610231475829,0.0022580432273961544,0.00373053072928257
0.0010091378920430182,0.0006177372888736725,0.001090764919312477,0.002450857611051941,0.004994644247878266
0.0006262214542085171,0.0003836473071091175,0.0008471582923250199,0.001523442427120352,0.0038828760424143792
0.00086609537309947,0.0005302703858428001,0.0012424076739864349,0.002104338675788784,0.0056911823296434405
0.0008214778945499897,0.0005030329109244347,0.001080096835287094,0.0019960754804827213,0.004948953943837356
0.0009190218546146392,0.000562867987256527,0.0008115680162029266,0.002234545870921755,0.003720700287211609
0.0009849199750179291,0.0006032142446451188,0.0008289299998598099,0.0023941503406085017,0.0037953290903455735
0.0009273857653790951,0.000567811723154068,0.00117893704214859,0.0022530102454639913,0.0053965891682989115
0.0008324288972372055,0.0005098321096115113,0.0008652573917226792,0.0020234427519656662,0.003961932157862854
0.0010721273594254492,0.0006564553336315156,0.0011140957568006515,0.0026043906018651964,0.005100272607196045
0.0010492110931033135,0.0006423531727008819,0.0011900004390792847,0.002548232503286743,0.005447009533036423
0.0009981212847584725,0.0006110828624181747,0.0014176384452896118,0.0024249387205161096,0.006486525397885513
0.001017429918860817,0.0006228998259716034,0.0015993534568862914,0.002472282052091503,0.007313430240143012
0.0008838271968716622,0.0005411646247916222,0.001612454617412567,0.0021481255122043135,0.007377852564442825
0.001010170479928875,0.0006181220517568588,0.0024854895118789676,0.0024551403359092715,0.011346527414906693
0.0008136369951719283,0.000498185712199688,0.0021076422576026916,0.001976485808990145,0.009629981243003082
0.0008752487660104275,0.0005358286381773948,0.0013093577567653656,0.0021260204136885645,0.005990151154387665
0.0006783690773600579,0.0004153069065027237,0.0012617426458911896,0.0016481124200440885,0.005767040907729339
0.0007021273606175422,0.00042982523451375965,0.0016237230245189668,0.001705864925733948,0.007424900030482483
0.0005496788327300787,0.0003365219787769318,0.001502588028104782,0.001336303336597228,0.006868081449855042
0.0008096965209299564,0.0004958426908664703,0.001156982446105957,0.001967948376438761,0.005301697250593376
0.000931631664251709,0.0005702901736907959,0.0012636935059146882,0.002262704449943447,0.005781281718004417
0.0008622305796200276,0.0005278848514966965,0.0012673225347118377,0.002094830572656536,0.005800969957698059
0.000895848938142681,0.0005485528142266273,0.0011160610113458633,0.0021769040152944566,0.005113715615261269
0.0009962301053756714,0.0006099891916923523,0.0011413656417446137,0.002420604217103863,0.005231227307904434
0.0009239618406349658,0.0005659721748046875,0.0007445496488528252,0.0022473803028978346,0.0034118865260369304
0.0008260553211623669,0.0005059281767420769,0.001017464840801239,0.002008055211655045,0.004659694094348622
0.0008623070270473003,0.0005280289755277633,0.0013256355468349457,0.0020956002466894627,0.006072129618514251
0.0009082058579379557,0.0005560998574905395,0.0010747354123907089,0.002206463275156164,0.004922889410842133
0.0008603537843281269,0.0005267946899943351,0.0011531110350208283,0.0020903546534992695,0.005280891107905579
0.001002688270127201,0.0006139050380401612,0.0010793607477264404,0.0024359753549613,0.004946446011353207
0.0008889326364451885,0.0005442575247101783,0.0011774613801555634,0.0021593728960074424,0.005390523993361664
0.0007519277118796348,0.0004605079845600128,0.0009956386778669358,0.0018273553252734186,0.004559839797902775
0.0007840439186150073,0.00048017704794931415,0.0007610970679836273,0.0019059000239290238,0.0034846057483441354
0.0007768114589804649,0.00047577035735177993,0.0009335832242088318,0.001888315707496548,0.004274425444889736
0.0007872314550632477,0.00048210989246892926,0.0009714822564439773,0.0019132717296995163,0.004448974483597946
0.0008151450612300873,0.0004992421896271705,0.0008755418304519653,0.0019816443361855987,0.004009625745702457
0.0009148883268887042,0.000560282069545269,0.0009193756077604294,0.002223983932337904,0.0042121413448340415
0.001039083670889759,0.000636137734454155,0.0012828299049453735,0.0025239238903440476,0.00587347482680149
0.0009926136382574081,0.0006077512906007766,0.0012636935059146882,0.0024115209818400384,0.005786084046352577
0.0009401468270176887,0.0005756708861403466,0.001123494038374901,0.0022840713494040013,0.005142567964780999
0.001158690234338665,0.0007092797414474487,0.0014399503115730284,0.002814190745405102,0.0065915135556346895
0.000964898269688511,0.0005911828384809494,0.0021644230131225585,0.0023486126974739075,0.009900508868087006
0.0008402370490783692,0.0005147205472998619,0.0018363117817955018,0.0020434296288110256,0.00840546753941841
0.0008387357734793662,0.0005136159018688202,0.001402100855501175,0.002038981106183672,0.006419652506101799
0.0006759359025115013,0.00041395576606321333,0.0016694390420036315,0.0016434292980052473,0.007646647399056626
0.000742103961920166,0.0004543682740144729,0.001718884849937439,0.0018032695197082998,0.007864616843450738
0.0007289878249818325,0.0004463584826402664,0.001491666788251877,0.0017718573146082402,0.006822321736205292
0.0008948159486705303,0.0005478834913187027,0.0010382512901144028,0.0021733105481184962,0.004747216957200241
0.0009833382361287117,0.0006019459174089432,0.001083300331624031,0.0023873308212079046,0.004953299393642616
0.0009957937636131287,0.0006095347807817459,0.0011285010520534515,0.0024174466118730546,0.00516116361557312
0.0009525981560999392,0.0005831077353172302,0.0011702941600399016,0.002312748511932039,0.00535253938077755
0.001145605457639122,0.0007012790695838929,0.0012104328815059663,0.0027816677839077953,0.005535619881141853
0.0010451620080226898,0.0006396741376333237,0.001307062590511322,0.0025373540416873935,0.005976597090948296
0.0008945795238667965,0.000547610934179306,0.0010773279015140534,0.0021716359906412603,0.004924670583892536
0.0009402381331378459,0.0005756197453551293,0.0012880774680690764,0.0022840318948544503,0.00589874033271141
0.000815135934268856,0.0004990729422383308,0.0011334070805625917,0.001980149319074297,0.005189179375160408
0.000769564140653038,0.00047117352048683166,0.0006359285656528473,0.001869487375817442,0.0029105175466722965
0.0007265933119410515,0.0004450253353528976,0.000999966422112465,0.0017664525732912066,0.004579722996938896
0.0007394101210588455,0.0004528087929897308,0.0009515403900461197,0.0017968760207809449,0.004357663693416786
0.0007215413928681851,0.00044186124513673783,0.0009053506944494247,0.0017533154495574476,0.004142563723910522
0.0007729967907721042,0.0004733656005077362,0.0007769572381095887,0.0018786752321340084,0.003556196043778133
0.0007629062779897689,0.0004672457159571648,0.0006994610000567436,0.0018547968067742825,0.0032032705367989064
0.0007729048275107384,0.00047335833619165416,0.000714493663998127,0.0018790930957116128,0.003271681055564356
0.0007943507768863678,0.0004864251420907974,0.0006755349133329392,0.0019306124918676854,0.003092050825197172
0.0007624565013402938,0.00046696810732412334,0.0007546153310852051,0.0018538490996278763,0.0034547575750834463
0.0006993747056180477,0.00042838379303741455,0.0008399518225507736,0.0017006275781013013,0.0038464721315986635
0.0006943676181787491,0.00042528016428279873,0.0008458096776323319,0.0016880542554475308,0.003873661100257111
0.0006778244898373127,0.0004151982770376206,0.0007612150851802825,0.0016483499452985763,0.003487859017539692
0.0007038521737510203,0.000430777575176239,0.000540151821465969,0.00170759817739501,0.0024665095867104055
0.0006491054475957394,0.00039749341766166687,0.0005253068451004028,0.001576685942760849,0.002399458628658128
0.0006693494126850605,0.0004098049805574417,0.0004829932544546127,0.00162472074856534,0.002205488168958497
0.0006501068760359526,0.000398161298882246,0.0005464819464998245,0.001579909822768712,0.002497800510141921
0.0006455916952991725,0.00039528725604343415,0.000535260433347702,0.001567679001069808,0.0024442564578241828
0.0005937834490740537,0.00036373323510217664,0.0005754095707254409,0.001443870846233511,0.002632252791661692
0.0006236385241800785,0.0003819275640957355,0.0005807233844118118,0.0015155876469381095,0.0026558814556784153
0.0006801014111095905,0.00041660994599390026,0.0006931635085659027,0.0016543824129320623,0.0031773598277456284
0.0006656824917251111,0.0004077035592012405,0.0006139731649475097,0.0016181655303157808,0.002810204738516283
0.0007281575635725498,0.0004455198005847931,0.0005363311488347053,0.001765173447928572,0.0024474202600754023
0.0006715076834613322,0.0004111701131873131,0.0005611389111893177,0.0016311072432018759,0.0025639111721403123
0.0007113612168187141,0.0004351930947117806,0.0005318900365548134,0.0017237984814263822,0.002425298141825867
0.0006632438041919708,0.0004061222628765106,0.0005707085300402641,0.0016112689637161732,0.0026082915739602565
0.0006864041984731197,0.00042009757767248155,0.0005366490911858082,0.001665138077787304,0.0024492395573741913
0.0006791973673457145,0.0004158980206661224,0.0005714194048361778,0.0016501157358802796,0.0026121269652134896
0.0006722968005293846,0.00041149687330055233,0.0005168353561477661,0.0016309755802668574,0.0023584770010299204
0.0008127249196821689,0.0004974864826612472,0.0005953068230466843,0.0019731001653291226,0.0027218442650026797
0.0007608305879587174,0.00046541515300798416,0.0005173979606645107,0.0018432709359146595,0.0023598082364983085
0.0006864545427912712,0.00042005376825857165,0.0004914727118031978,0.0016642081916846277,0.0022411890012658357
0.0006819295779520512,0.0004174431071691513,0.0005442935321645736,0.0016553808346904755,0.0024849341632313254
0.0008892600387984753,0.0005445071266107559,0.0006584795732216835,0.0021609854788102153,0.0030141470113284113
0.0008514125385040282,0.0005213481963686943,0.0007446429003195763,0.0020694739759482385,0.003406634566325617
0.0009024308644885062,0.000552540901403904,0.0008494613710956574,0.002192789924196148,0.003885962320256901
0.0009170460500473022,0.0005614356652908325,0.0010498031173067092,0.0022274127543486597,0.00480286080329485
0.0008577864066416263,0.0005250319198780059,0.001019323030503273,0.0020820178628481864,0.0046532996320611955
0.0009176796436959744,0.0005616561652235985,0.0008780010584907531,0.0022275453039027693,0.004009078430522155
0.0009299634382778645,0.0005692910731844902,0.0008097273502664566,0.002258926034025097,0.00370083913593359
0.0011538214751237869,0.0007060728923492432,0.0012592096571044922,0.0028009737372912407,0.0057624786549694065
0.0011307666980380057,0.0006921426610164642,0.0015279303435401918,0.0027464087158955578,0.0069901059919483186
0.0007347898342365264,0.00045011569867658616,0.002157915258796692,0.00178778888439312,0.009866608398545456
0.0008786278591209889,0.0005379815132431984,0.0011182164792137147,0.002134180767140532,0.005123482363808823
0.0009395631030851841,0.0005752234042696953,0.0008175531421022415,0.0022820675015963556,0.0037399357312805177
0.0010657315500730514,0.0006523190097026825,0.0012099040392951966,0.0025879383206881524,0.005539039325106812
0.000810229206895256,0.0004962020845227242,0.0015747926477508545,0.0019703270867980956,0.007209372171152306
0.0008924889386350155,0.0005463795543723106,0.0013143090251998902,0.0021682142615832333,0.006015172910083008
0.0008537574373835564,0.0005227046118192673,0.0009165174905376434,0.002073517845622444,0.004191316420722676
0.0009023199901634694,0.0005525674552731514,0.0007840805147008896,0.0021933523953475,0.0035900452726966856
0.0009584011875742912,0.0005868282721452713,0.0010181874726133346,0.0023289191142238617,0.004662099953878594
0.0009515149318331719,0.0005824338526539802,0.0012673609797077179,0.0023107805721975802,0.005799804692853164
0.000995840274607563,0.000609495352309227,0.0013496950511054993,0.0024178287447012906,0.006173912277210427
0.0009307102792614937,0.0005697340623550415,0.001211502993495941,0.0022602246650077346,0.005543907388437462
0.0010526152305954932,0.000644436131518364,0.0013754148427562712,0.0025569502741612437,0.006292152770746422
0.0019559026249403,0.0011974221126251222,0.0011938278619365692,0.004750641493550682,0.005472172965992165
0.0018149940260404587,0.0011105906919651031,0.0014032778982238769,0.004404581649652862,0.00642294129668541
0.0010048555218333244,0.0006155174479894638,0.001976843262107849,0.0024462156281389235,0.009041582923520279
0.0013052010350579262,0.0007990860895328522,0.0014901564363555908,0.0031706747472800257,0.0068202304655200965
0.0008285720624679564,0.0005073138953261376,0.0020312198642807007,0.0020157514200128557,0.009307291888583374
0.0022048008450025556,0.0013484345928840638,0.002041058385761261,0.005334209214202309,0.009280306249249649
0.0008787367985302447,0.0005377852649502754,0.0018812861684875488,0.0021332517676569463,0.008602308290589524
0.0004824070955345273,0.0002959098194800615,0.0028693948034362792,0.001179942141710961,0.01315965011655159
0.0006987286262864112,0.0004273875312023163,0.001461792165430069,0.0016929420091725826,0.006722597276557159
0.0009807006173485756,0.000600118617814064,0.0011470154468135835,0.0023797723934568405,0.005244945096362304
0.00042926513559165,0.0002628678933792114,0.0012869665865020753,0.0010451306228108645,0.005887673174727631
0.0006194159538203715,0.00037908636714148523,0.0010286430809812546,0.0015026618488646983,0.004706532106686307
0.0007514362797791004,0.0004599623785429001,0.0008407266233282089,0.0018240253612913132,0.0038409338572508813
0.00075274220189991,0.0004609291360788345,0.0007261798922138215,0.001829298882982874,0.003324622111905289
0.0008136184126788616,0.0004980996356420517,0.0005369174126701355,0.0019756233059383867,0.002455994694445205
0.0006361274015808343,0.00038964661518859863,0.000866003716381073,0.0015469099931932928,0.003960825891185475
0.0006757111237102986,0.0004137095169239044,0.0007814848516302108,0.0016411446579314708,0.0035731223934776304
0.00076630983135643,0.0004691535488777161,0.0008530007247047424,0.0018611700021244526,0.003900312348592949
0.001036283154105568,0.0006343926892690659,0.0007449095342473984,0.0025173246071256636,0.003411821709711027
0.000952876017307663,0.000583452712100029,0.0005854719449000359,0.002315174922398472,0.0026792762705571175
0.0008108070530647277,0.0004966300980262756,0.000648120814950943,0.001972579897246504,0.002971570442754698
0.00082946029833498,0.0005079512999467849,0.0007416675035076142,0.002016865545562649,0.0033989009068793774
0.0009698198922628402,0.00059360715309906,0.0008518729899244309,0.002355388949862862,0.003898728788781834
0.0010388142429942132,0.0006358359412364959,0.0010323540512638093,0.002521972441724682,0.004722410371292306
0.0014558091842288017,0.0008909553692750931,0.0016620667223052978,0.003531597873619938,0.007586052402246666
0.000682179620181942,0.00041760046343135835,0.001939324164779663,0.0016574147388853074,0.008861596458543015
0.0012242508762234686,0.0007493848011903763,0.0014261740390377046,0.0029724095181144715,0.006521716069567871
0.0009026889749521256,0.000552489402990818,0.002091202998550415,0.0021905625597156524,0.009552923511851502
0.0009944683097952843,0.0006087914959602356,0.0019102701191024783,0.0024148259431637765,0.008721898596871567
0.002234585843300247,0.0013635496453456878,0.0026234557274894717,0.005364285461655999,0.011896600198138428
0.0018004602529758454,0.0011021339551620483,0.0012928425911979675,0.004370292542926217,0.005921908851850701
0.0012483171396607399,0.0007635712281875611,0.0011174494121389388,0.0030250234455384255,0.005097559712219906
0.0011290875562185287,0.0006909033463411332,0.001014877000840187,0.0027391930550850867,0.004639651865649891
0.0012019739352816582,0.0007357391075305939,0.0010412802640514373,0.0029182956085123065,0.004766893356431198
0.0009141890191191673,0.0005594838664941788,0.0010825745705680847,0.0022181023672737123,0.004938750731337738
0.0009730441190952302,0.0005955204174928665,0.0009670106116847992,0.0023612143919385913,0.004413305702198219
0.0009702406086677551,0.0005937741206102371,0.0009706607405261993,0.002354326780191803,0.004429129868138504
0.0009965202697271346,0.0006098049686365127,0.0008469676766710281,0.0024183050364769937,0.0038661895641572
0.001009282463108921,0.0006179738150053025,0.0007275148499922752,0.0024524847344078067,0.0033273254120237353
0.0009789833613389968,0.0005994078324251175,0.0007154923398213387,0.0023788574025548938,0.0032715780639535905
0.0009251182996386528,0.0005661777437739373,0.000720182852836132,0.0022457638189710616,0.003287028642881584
0.0007810116135233879,0.00047810783545303344,0.001324446612985611,0.0018970207110561373,0.006047882392395211
0.0008189990118795871,0.0005011709661297798,0.0012570421639995575,0.001987004746548081,0.0057406730139142985
0.0007493532516712188,0.0004587088034563064,0.0009968002531843185,0.0018192319438375473,0.004556234172869397
0.0007623740666264534,0.00046672326634454727,0.0008086698446588517,0.0018516401768244744,0.0036987337791807174
0.0006714118503684044,0.00041119320253658296,0.0007894673291759492,0.0016321497299291135,0.0036143766069299697
0.0007215076596194744,0.00044174644659090046,0.0007450734172182083,0.001752711395970726,0.003408593448389244
0.0007339797981733322,0.0004493776218109131,0.0006704958472566605,0.0017830301337458136,0.003066917707908821
0.000781767764007473,0.0004785514057688713,0.0006045135278420448,0.0018982997477568627,0.0027643993982560157
0.000790213707899475,0.00048366885940361027,0.0005671397391872406,0.0019184265330947877,0.002593244591493082
0.0007624443077200889,0.00046682570437717435,0.0005325009878890514,0.001852434587530041,0.00243669851696856
0.0006673662700408935,0.00040914828638362885,0.00047532656231689453,0.001626602952233696,0.002179173353079629
0.0006497574229443312,0.00039820232550430293,0.00048797524535822866,0.0015820781827486992,0.002235064470905733
0.000637754976069355,0.00039093596423792835,0.0004883211609141827,0.0015536512684591057,0.0022379194514340877
0.0006263132349306583,0.0003846415684633255,0.0004444666970686912,0.0015331138454891683,0.0020419493060073973
0.0006529603109413623,0.0004005153060965538,0.00047298484856057166,0.001593343919567013,0.0021702039984501124
0.0006192261677885294,0.0003800876804702282,0.00045342819208073616,0.001513711427948618,0.0020817629128209473
0.0005599035666042805,0.0003436236524097919,0.00044627786988186833,0.001368425900913024,0.002048338077727628
0.0007624122173243999,0.0004671103761606216,0.0004948291722850799,0.0018549218200661184,0.0022688538340366604
0.0007691859923953056,0.0004710936130099296,0.0005194787960665226,0.001870030252686882,0.0023786313058323386
0.0007430630595141887,0.0004554070265107155,0.00048708883115816117,0.0018096274652101042,0.002232950131732893
0.0006691601195091247,0.0004103885398321152,0.0004658127390013933,0.00163238938306942,0.002136508797619414
0.0007353358820730686,0.0004503474415354729,0.0005073579605834485,0.0017874823801733494,0.002322595550630164
0.0007158598229938984,0.0004385913864784241,0.0004985713791267872,0.001741832757047558,0.0022836454810089587
0.0007351021588498592,0.00045033224235105514,0.0004987125303761959,0.001788200541637087,0.0022841819764561175
0.0007826543935293197,0.00047939435700702665,0.0004992035981433392,0.0019032501854516508,0.0022864539162702085
0.0007586865917498112,0.0004647855491452217,0.0005056960079984665,0.0018457729749895573,0.0023164710713065384
0.0007497283697778225,0.00046017539064216613,0.0004564914759414196,0.0018329310067512036,0.002097326154772115
0.0008229897939318657,0.0005040609345846176,0.0005036996733562946,0.002000966958007956,0.0023076468133813857
0.0008171712101155758,0.000500531996887207,0.0005142223369495869,0.0019872766726233004,0.002355855512384248
0.0008477982253486157,0.0005192850635461808,0.0005069426205174922,0.0020616999224342346,0.0023229910322911263
0.0007687405966872215,0.0004708043814711571,0.0005157416407184601,0.0018689729594208242,0.0023610131566859007
0.0007618025728219986,0.00046656021038818363,0.0005173354093151092,0.0018519737229265214,0.002368348425391984
0.0007972678632194042,0.0004884331108145714,0.0005020293165163993,0.001939670192501688,0.0023004176495111705
0.000690369315510416,0.0004234086082391739,0.0004791591148989201,0.0016843812585391046,0.002198620241273117
0.001034630663012886,0.0006330111728124619,0.0005821367744522094,0.002508537679962063,0.0026603240789360525
0.0007913174860829353,0.0004843333096318245,0.0009667822215871811,0.001921214595488453,0.004403354405749512
0.0008118406266623974,0.0004967495233826637,0.001023581797273636,0.00196916871895566,0.004667948734152985
0.0009260744035893918,0.0005666711361222267,0.0009425209257917404,0.002246934688142681,0.004305781031537724
0.0008558106020742893,0.0005236816735081672,0.0011694161836223603,0.0020763376489795686,0.005337086760390472
0.0010691613890880585,0.0006542176113538742,0.0011293196622447967,0.0025937572017826083,0.005158631389725876
0.0009036255472058296,0.0005529644892625808,0.0012851098720149993,0.002192679185471678,0.005867847340691757
0.0010435280629152298,0.0006383770660572053,0.001423808151872635,0.0025307067037142754,0.006499688317764473
0.0007033646844977378,0.0004306291596107483,0.0008561792317943572,0.0017082248397685528,0.003913123525071812
0.0009703523956889153,0.0005937840447835922,0.0013803623560981752,0.0023541402355350496,0.0063040544772035596
0.0007193013445192814,0.00044030690501260756,0.0013636813406066894,0.001746542300335312,0.006224511473763657
0.0007179918811375142,0.000439458745818615,0.0017005593720989228,0.001742498164675379,0.0077610299432165145
0.0006723834701532364,0.00041151576052236556,0.0015186764542179107,0.0016322194181896687,0.006925459923732948
0.0006948159345144271,0.0004252337397150993,0.0011759013179855346,0.0016859485351063252,0.005364392092216683
0.0009543561548644543,0.0005838091329746246,0.0014885704461650847,0.002314334052852535,0.006789768221367074
0.0009732482709640504,0.0005954274342470169,0.0012790728453712463,0.0023603742316879277,0.005835250955212784
0.0009758378454202653,0.0005971090451889038,0.0009801255855875015,0.0023666853637017253,0.004468094381082725
0.001327237170254612,0.0008121052638702393,0.0014111011866645815,0.0032189167559660914,0.00644584279297657
0.0008741385259384154,0.0005350716740899086,0.0017653175536708832,0.0021226240419365407,0.00805890127955742
0.0008516870409900187,0.0005211717964224815,0.0017010624651031493,0.002066754626534128,0.007756098186362458
0.000806160407578373,0.0004933393851928711,0.001298701608570099,0.0019563253321267606,0.0059272489005214694
0.0011227442451471328,0.0006870394901447296,0.0007909632865505218,0.0027236224279321673,0.0036122394034153937
0.0009927076094502448,0.0006076581732444763,0.0007173077706413269,0.002410802111081028,0.003278937115657997
0.0011132790022248269,0.0006811021522693634,0.0011685305182056425,0.0026998193651951792,0.005329125478256416
0.0010730059572214127,0.0006564700857810974,0.0013890450243072509,0.0026023644999183656,0.006337458872187805
0.0007718102493041992,0.00047233880619335176,0.0017683075014667511,0.0018733774170793533,0.008069327419388962
0.0008277312137836457,0.0005064863220863343,0.001339220041425705,0.0020080396071590423,0.006108378582585526
0.0009104776681119443,0.0005570228056125641,0.0020436402801589965,0.0022053538486875536,0.009319325881589126
0.0009885989435667038,0.0006047334925346374,0.0017510645631866454,0.002396994969300175,0.007977994989741517
0.0008473970406407355,0.00051851618598032,0.0014749203268604278,0.00205639909287467,0.006726326205719184
0.0009476683922761916,0.0005797259838395118,0.001391352975757599,0.0022985307768501285,0.006346494778383446
0.0009824795716160775,0.0006010379002504349,0.0011980777327136993,0.00238237710302248,0.0054664589220172885
0.0009387422972077369,0.0005742352337651253,0.001178493494184494,0.00227564935465827,0.005369828089464379
0.0009408570506328582,0.0005756204382591247,0.001167119497449875,0.0022817242026843074,0.0053247265422231675
0.0009406181798035144,0.0005754750625305175,0.000989170664937973,0.002280829781345272,0.0045095253848917004
0.0007704315305406093,0.0004715747789554596,0.0009213126991109848,0.001869979449412966,0.004204166384924126
0.0006114136350059748,0.0003743910708539486,0.0009546224717216492,0.0014854149796582699,0.004360510712254715
0.000621209219163084,0.00038029123778271674,0.0010117349717931748,0.0015080545321620943,0.0046183767998106
0.0007112592504078388,0.0004353223771862984,0.0008512705210762024,0.0017258602254606723,0.0038843383395559313
0.0010035340838784217,0.0006142257408313751,0.0007160704005675316,0.0024355949953712465,0.0032699735791868684
0.0008566896014565468,0.0005243761868290901,0.0007094522062854767,0.0020800430074848176,0.003238709960270596
0.0008062275820130348,0.0004934947521500587,0.0006316472683267594,0.001957753054849053,0.002887512752551508
0.0008841444500440596,0.0005412023098282814,0.0005794501844959259,0.002146993210963154,0.002651377384502363
0.0009414416142457963,0.0005763883994035721,0.0006509476844387054,0.002287511608801031,0.002978557846832943
0.0011614286877864837,0.0007109021649770737,0.0009096325282173157,0.0028193577841438295,0.004152846757460308
0.0008323218927437305,0.0005094632611684799,0.0006422307957129478,0.002020724377832556,0.002933793752778244
0.0010641566016429901,0.0006512186781578063,0.0007400256116108894,0.0025828677461065294,0.0033813631401843547
0.0010805154748910904,0.0006609565273933411,0.0014050547722892761,0.0026206699923194887,0.006410821562398148
0.0010991030790561676,0.0006725799248628616,0.0012238698546009064,0.0026662571087993623,0.00558855614005394
0.0009378131360465527,0.0005738833502941131,0.0013753580693321226,0.0022754290298141484,0.006276401689041328
0.0010050323658341406,0.0006147709892206192,0.001420706802995682,0.0024368025705732346,0.0064814090931303026
0.0011412167765850066,0.0006980499134473801,0.0015674855057315825,0.002767476736060524,0.007150440963495446
0.001047163003003025,0.0006407565430812835,0.001174416894109726,0.0025400929853834154,0.005367607798565101
0.0010256086983436584,0.0006276974485330582,0.0009513596985654831,0.0024891944885767937,0.00435012703477211
0.0008799347304457663,0.0005387346551828385,0.0007635533008890152,0.0021375865370549204,0.003493214581299496
0.0008227997340911864,0.0005037299276404381,0.0007152636144475937,0.0019985651068903446,0.0032703308345264914
0.0008242785573655605,0.0005045526952557564,0.0006760865096168518,0.002001454509846115,0.0030900748969501972
0.0008609294400269032,0.0005269801200442314,0.0006587466318325997,0.0020903749570764544,0.0030105363847202776
0.0008042918630594253,0.0004924098433070183,0.0005719432402567864,0.001953711224398756,0.0026162568369395255
0.0008186842412406445,0.000501159522037983,0.0006412705425338745,0.001988261351785803,0.0029312136547154904
0.0007869365081840992,0.0004817205474786758,0.0006083928514437675,0.001911030711285019,0.0027814030171818254
0.0008358986028188706,0.0005115937397890091,0.0006284708846526145,0.002029085373184824,0.0028722574391848565
0.0008558591940158844,0.0005238297314457893,0.0005906844157891274,0.0020776883245028498,0.0027005068325883863
0.0008188056298250198,0.0005013908849172593,0.0005232853535728454,0.00199001685758605,0.0023958544326461075
0.0007763704807216168,0.0004755186990909576,0.0005055746492164134,0.0018880162075675965,0.002315665511552167
0.0008180498809272289,0.0005012163178138733,0.00048681221717762944,0.0019909547232605457,0.0022317067300415753
0.0008222832941168785,0.0005039304898195267,0.0004826990943567753,0.002002534943870449,0.0022135230456925155
0.0008040103510672092,0.0004928834543638229,0.0004714977983551025,0.0019596113198019505,0.0021628373933470966
0.0008216135577017307,0.000503494586151123,0.0004779604468660354,0.002000610625795269,0.0021915867002195834
0.0006796336726004123,0.0004167179719619751,0.0004119575722308755,0.0016572742984212875,0.0018831913360840798
0.0007334919803494452,0.0004496527270488739,0.0004507610146121979,0.0017877818801023007,0.002065546710181904
0.0007048524521941185,0.00043236083845424653,0.0004296758622096777,0.001720333130709076,0.0019680727295092464
0.000712228314643526,0.000436791959505558,0.00044597633370923993,0.0017375394814230444,0.002044183989193213
0.0006440358404720067,0.0003949020125977993,0.0004152678987177014,0.0015704403318978787,0.0018985989550574839
0.0006920020193511487,0.00042419632832336427,0.0004573570080267191,0.0016862928092993739,0.0020954281847438932
0.0006394311424994708,0.00039221196929740905,0.00041975150165873766,0.0015604011439301014,0.001920625903036368
0.0006714502201134204,0.00041157830069589614,0.0004649664797054529,0.0016359748706735611,0.0021301449317000032
0.0006283228822702408,0.00038563685799765585,0.0004361226577477455,0.0015356886316604853,0.0019998388280606984
0.00039073403959142563,0.00023906852985548972,0.0004967318643050193,0.0009489603910177887,0.0022582804029322385
0.0005751026221269607,0.0003526083485298157,0.00044329720923471446,0.0014032779221005679,0.0020364121289438725
0.0006784100756699084,0.00041591728786754607,0.00045100647585260867,0.0016531283788897037,0.0020679304709172964
0.0003800439242457837,0.00023243526910248397,0.00039313874674755335,0.0009218460608787775,0.001790431397033778
0.0006602216847890854,0.00040471770177412034,0.0005066355634646416,0.0016101983711637497,0.002332094765964818
0.0003756606942692637,0.00022989906585592032,0.0004768967721776962,0.0009125686671167553,0.002172278478134346
0.0007037526898736001,0.0004325269565992355,0.0004611188173459768,0.0017275162525989057,0.002132002098064792
0.0006768706128651141,0.00041483767638731,0.0004678851198570728,0.0016482976347722055,0.0021439087295419693
0.00045392341936918495,0.00027788179862129687,0.0003974400377066731,0.0011040070955224276,0.0018141223319321097
0.0005189967636668921,0.00031779924343156815,0.0004714216571466923,0.0012625361405827046,0.002159514459360313
0.0004806331245878577,0.0002945920725427866,0.0004369133450256586,0.0011717809681363344,0.002003377467717898
0.0004890418030971528,0.00029956491599607467,0.0005529800448732376,0.001190223820000136,0.0025376855680233957
0.0006212264508658886,0.0003810635016374588,0.0004586835894899368,0.0015159800645478012,0.002105975893463862
0.0005723203957730769,0.0003508408845477104,0.0004892257135527134,0.001394429596564913,0.002241804245997143
0.000669614167576456,0.0004101893858127594,0.0005015213173048496,0.0016285672568298816,0.002296785740692091
0.000671915366565609,0.0004115246341638565,0.0006067794133143425,0.0016338076189674378,0.002777455856043768
0.0007154550605172156,0.0004379940585308075,0.0007110070157961845,0.0017378504187382697,0.003250200414795351
0.0008368278004878998,0.0005121103108935356,0.0007937577460126877,0.002031064306996012,0.0036244697847849843
0.0010373740815276145,0.0006346531317644119,0.0010228252802209855,0.0025166357040919303,0.004675597877193165
0.0010064571209901809,0.0006156470880918503,0.0011125745419578552,0.0024402025774635317,0.005077593629944992
0.0008804299228543282,0.0005386815474443436,0.0013335927669124604,0.00213547434439435,0.0060853660309202195
0.0007628398337120056,0.0004668668315820694,0.0012207943443374634,0.0018511392370380401,0.005574217748034668
0.0007854425706619263,0.00048069889406490327,0.0012730962578372954,0.001906115295044327,0.005813295062769126
0.0008458455667549609,0.0005175597996525765,0.0014887774232940675,0.002051866252771759,0.006794873502243233
0.0008288675569647788,0.0005071903125457764,0.001858327889831543,0.002009744841656828,0.00847612652121849
0.0008346613154465198,0.0005107238323502541,0.0011748666111545563,0.0020243556149817945,0.005361427893627358
0.0007450284958535671,0.0004561093182377815,0.0009634423349218368,0.0018089921139694692,0.004402516386795712
0.0007872295566553115,0.000481934721868515,0.0006378705073313713,0.0019116147272802832,0.002917292741078806
0.0008391255312317847,0.0005136722059063912,0.0007040195260362625,0.0020380150460220818,0.0032195483149475576
0.0007639828578287601,0.00046770969341325755,0.0009142920170145034,0.0018551743291832447,0.004174251455951405
0.0007116765350753307,0.0004356758923344612,0.0010281148199157715,0.0017278456315912246,0.004693942836809826
0.0008281227239126205,0.0005067909986786843,0.001019733810813904,0.002009045210532093,0.004656244640935135
0.0007569557548219204,0.0004634015069417953,0.000874555939825058,0.0018381621480502129,0.003996886632729244
0.0006961911120170593,0.00042626337270069124,0.0007677075062112809,0.0016908785805620193,0.003507123450327587
0.0007269680649692058,0.00044501558999347687,0.0010938511584119796,0.0017646713555373194,0.00499536876170702
0.0007030403122955798,0.0004303443760685921,0.0012467701975421904,0.0017068264641381741,0.005693320145595742
0.0006892981753403187,0.00042191830585527423,0.0008284715656356812,0.0016729395278312206,0.0037831027918941496
0.0007823423609787464,0.0004788937450461388,0.000907961467297554,0.001899773308686161,0.004153428369153214
0.0007676911056691646,0.00046981410990285877,0.001274555826576233,0.0018633472726263048,0.0058178875291234975
0.0011222264178747177,0.0006867793605737686,0.0009068066869096756,0.0027225134447731022,0.004141476851094436
0.0007458971635157109,0.0004567373351268768,0.0008820310775356293,0.0018123015083886624,0.004031333396721554
0.0007329536356681823,0.00044873679737377165,0.0009018061552362442,0.0017798765183009149,0.004118181965637875
0.0007293694779926777,0.0004465835423283577,0.0006927171666340828,0.0017720755115665436,0.00316870975731678
0.0008763182633275031,0.0005364361808710098,0.0008237182442264557,0.002128438135287905,0.0037677600020057677
0.000966301704263115,0.000591650258105278,0.0007440232206301689,0.00234853928541317,0.0034103702323026184
0.0008439333223456383,0.0005167020739130974,0.0007771377060728072,0.0020507368773736,0.003556913616646004
0.000756320335781002,0.0004630218849592209,0.0009307318125085831,0.0018368323967374802,0.00425257244198389
0.0007698800795430184,0.00047124544839191433,0.0010015661809759141,0.0018688122153796196,0.004574754085529518
0.0007323933497721195,0.0004483571306877136,0.0010297802034931183,0.0017782335244633197,0.004705262727428151
0.0007593186885768413,0.00046481574634838103,0.0009349304083900451,0.0018434389502324105,0.00427186749665804
0.0007838448413366318,0.0004798497737460136,0.0008171440158205032,0.0019035623640336037,0.0037352373131997107
0.000808129896288538,0.000494703713160038,0.0007296578902916908,0.0019627226435162065,0.003336189937729311
0.0008230218113118649,0.0005038156912736892,0.0008986879531459808,0.0019986689299859046,0.00410672815530367
0.0007388688557499886,0.00045233234326171875,0.0010872591380195616,0.0017942439146853926,0.004966791600871753
0.0008538818561190605,0.0005225205228738785,0.0012855511848049164,0.002071725279144192,0.005870455100525094
0.000905909477984333,0.0005542845160775184,0.0013618853334503175,0.002197514805994177,0.006216283985365105
0.000937447802042389,0.0005735356913022995,0.0009818931613283157,0.002272665349445486,0.004476543367791843
0.0009906078242415428,0.0006062519804649353,0.00088737908938694,0.00240431400989666,0.004054491096127701
0.0008681227267438411,0.0005313973383121491,0.0009829134736375807,0.0021076758213855267,0.004491567077625465
0.0009759424769038201,0.0005970999703817368,0.0014922597352581024,0.0023676267758525847,0.006809603446114731
0.0009110304333919525,0.0005574696392827034,0.001114972660334587,0.00220991089349165,0.005093023385990334
0.0011245112978571891,0.000688229318063736,0.0010687291864471436,0.0027289705142892837,0.004889028341460896
0.0011775524505132674,0.0007205200300626755,0.0012811848167495728,0.0028558492526926044,0.005852190982688141
0.0008501235925311088,0.000520248848300457,0.0012542287949638365,0.0020625060365118027,0.005717672711003494
0.0009068647057467938,0.0005548699081950188,0.001083046952279091,0.002198737808368349,0.00493372220932312
0.0009527635366374492,0.0005830248997621536,0.0019149198178367616,0.002310286370716238,0.008735563307393265
0.0013002280094379425,0.0007957718179636002,0.0015192090515213012,0.0031553020135082245,0.006934214516866875
0.0010199696236008644,0.0006241548762731552,0.0015948170367794039,0.002474704295448208,0.007277115541089249
0.000758439616178894,0.00046408211747932433,0.00201433321276474,0.0018383490473546029,0.009191368042815399
0.0008871225409859656,0.0005429067418985366,0.0018875657562332153,0.0021506603561855797,0.008614022182810974
0.0007697630719000339,0.000471059392493248,0.0016410079840736389,0.0018678809993483067,0.007483797758210373
0.0007650841899866104,0.00046813361654806133,0.0017551214043216704,0.0018554687753833772,0.007998237281430435
0.0008697461940998076,0.0005319576964788437,0.002264335656555176,0.0021032970756806376,0.010321554087985229
0.0007546946414464951,0.0004617086307220459,0.0017787713352756499,0.001829448012313986,0.008100304519522858
0.0008853381470495701,0.0005415687889866829,0.0016693545524196626,0.002147081429562712,0.007603018968690109
0.0008901879221850872,0.0005446749434881211,0.0015014918986873626,0.002159593398175383,0.00684371500252552
0.0007289536171311378,0.0004460801140480042,0.0013986542169170378,0.0017690880485393048,0.006376825552571488
0.0007602076546007633,0.0004651071683578491,0.0015168613139705657,0.0018443509266294481,0.006912257399547768
0.0007638996929580212,0.00046741737733411786,0.0014225790742950438,0.0018532575473703386,0.006487509381163789
0.0007840531550997734,0.0004797006876282692,0.0011949886325912475,0.0019013634600259304,0.005449545433510018
0.0008012919404262542,0.0004903750971965789,0.0010261593107299804,0.0019440068237997533,0.00468422712473936
0.0009208006993586062,0.0005634614260010719,0.0008368409965353013,0.0022341666639365196,0.0038192741805202486
0.000704674695497179,0.00043146194080638886,0.0007532208953218459,0.00171195014720335,0.00344154708920784
0.0006903002061599731,0.00042258718172836303,0.0009155317787246704,0.0016759777054704667,0.004179086039353085
0.0006627823815399647,0.0004057440267019272,0.0009020496998147964,0.0016090633214034082,0.004118372842062188
0.0007324603781754017,0.00044830127368497845,0.0008731117490844726,0.0017774098553277494,0.003983610207725238
0.0007706824854666232,0.0004717020721249581,0.0007997889165000916,0.0018704947524286748,0.003649947806585503
0.000687716071372652,0.00042105838964509964,0.0007195460964159966,0.0016703748047865868,0.0032872653500623226
0.0007670975976342201,0.0004694696695618629,0.0008153022770004272,0.0018614568234004022,0.0037201609337217333
0.0008016463220769405,0.0004905749441199303,0.0008070808146314621,0.0019451044582344532,0.003681996060300541
0.0008130889759117603,0.0004975238324217797,0.0008170814309434891,0.0019723373182631973,0.003725693900275898
0.0007940709807628631,0.00048595222393798827,0.0009773254934864043,0.0019266021363951208,0.0044566983440405845
0.0004792043535688758,0.00029345164197313786,0.0007465466205196381,0.001165593364327395,0.0034241544702536585
0.0006124068126732349,0.0003746719651930332,0.0005735528562383651,0.0014845332813031914,0.002619067517805767
0.0006195904430651903,0.0003794651062302589,0.000857085281999588,0.0015061056547380925,0.003923947545278739
0.0004079053629839659,0.00024971595807749035,0.0006995422039346695,0.000992196636977786,0.003205449998516512
0.000577227159654522,0.00035338148410248753,0.0007452543545680046,0.0014018133603550436,0.0034161759377903463
0.0007325218573862552,0.0004484984160475731,0.0006919803191142082,0.0017794594526804926,0.003169315866518688
0.0006350078155005216,0.0003891622194163799,0.0005532843414859771,0.0015458588175989627,0.0025361797878033637
0.00046978394228013753,0.00028753159875798226,0.0005365312528030872,0.0011412296923391462,0.0024560954404509784
0.0007443926022106648,0.0004556630880646706,0.0006734620575027466,0.0018076651111759187,0.003083812210846615
0.0006701343678587914,0.00041046428988504406,0.0005609812420027256,0.0016292566031731607,0.0025671177939958095
0.00037753067400286497,0.00023105680645260214,0.0004513437971638441,0.000917203795355925,0.0020609359472504975
0.0006688189536983013,0.0004103286595158577,0.0005356787126677036,0.0016342617452658654,0.002475015836346817
0.0007622583002501965,0.0004666287184767723,0.0005543250274078846,0.001850811365298176,0.002536333050344062
0.000793687903946066,0.0004867815629653931,0.00047776353919672966,0.0019364121333278657,0.002194123111057949
0.0007401657239252566,0.0004533206031732559,0.0005305156950073242,0.0017995963454760552,0.002428225747261119
0.0004979841806644439,0.0003050725081079006,0.0005074287150220871,0.0012118209079421997,0.002323093054208827
0.0006224782866144419,0.0003811224320046902,0.0005336767677383423,0.0015119140293963194,0.0024401159705109117
0.00046533419272842407,0.00028507132577526567,0.0006922850404100418,0.0011329363460235238,0.0031800595553106784
0.0005875266433412075,0.00035981675172972675,0.0006885823402719498,0.0014277533524252417,0.00315717765702672
0.0006275456119978666,0.00038428466702628136,0.0006888033542947769,0.0015246167541064263,0.0031518267886228085
0.0006568535805398464,0.0004021581144146919,0.0006009376291351319,0.0015950656451798916,0.0027468360112494943
0.0007198975906425953,0.00044070923636484145,0.0005755197871642112,0.0017478743568576814,0.002631250333178711
0.0008447981931919099,0.0005171178833656311,0.0006227858755903244,0.002051207849434757,0.002848815160382462
0.0009384653486961365,0.0005742488459758759,0.0008329603765325547,0.0022776399031795504,0.0038061539271361353
0.0007908816189223767,0.0004839861423783302,0.0015232288781719208,0.0019201130599297526,0.006943679946053697
0.0007418071166330814,0.00045398679683732987,0.0012078036014156342,0.0017997399777688028,0.0055144127958900455
0.0007578646906370163,0.0004637745575122833,0.0013492749277668,0.0018389212713159561,0.006157544674862099
0.0007895315588170527,0.00048315318236875535,0.001744382644088745,0.0019147672787822724,0.00795700879036255
0.0006675516203695774,0.00040854083309698104,0.001987643087299347,0.001617779851011181,0.009068864982712936
0.0008232987233156204,0.0005036789209656716,0.002226432288082123,0.0019918274224318506,0.01015681078969307
0.0006790645518058777,0.0004157202796154022,0.0011503184084014893,0.0016485676102854251,0.005260329940307808
0.00074153549826684,0.0004539418698363304,0.0010193008128719329,0.0018002644129611494,0.004656730508197022
0.0008777756930047512,0.0005372612954192161,0.0010347724203186035,0.0021307743765927793,0.004731080448020172
0.0008917831689769268,0.0005456295193247795,0.001160577679069519,0.0021631974161185263,0.005295721899855804
0.0007418829799348354,0.0004540494040660858,0.0008880762849168778,0.001800232317350054,0.004049834732104015
0.0009248445273095608,0.0005660294399671555,0.0008205563221292496,0.002245142476312065,0.0037512417399770738
0.0008889073000008106,0.0005439376489334107,0.001168667757900238,0.0021571004912771226,0.005337483211744499
0.0007238968790227412,0.00044311352382230755,0.0014102689866142275,0.0017576748669661524,0.006437652867425156
0.0008117034301811695,0.0004966692806296348,0.0014726340118961334,0.00196925472100749,0.006716489230979157
0.000718731091981554,0.0004398814396076202,0.0013875766042785644,0.0017444597207523823,0.006330047967422677
0.0007198308908099174,0.0004406505406908989,0.001095493296177864,0.0017475214824594497,0.005006317106772137
0.000883888530051136,0.0005409241200499535,0.0012040194515304564,0.002145050805858517,0.005503515487302017
0.0008341279723400115,0.0005104769350104332,0.0011983865443782806,0.0020242126033224108,0.005474612509597016
0.0007770988852435588,0.0004756025404744148,0.0011040490064935684,0.0018859418735422135,0.005042056930947971
0.0007823093213790893,0.0004788477451615334,0.0010257582310752868,0.0018989488415934086,0.0046870735311395646
0.000768429148262167,0.00047027314762401577,0.0012640971783714294,0.0018649074562407972,0.005769038679588509
0.0008832663633579253,0.0005405531705431939,0.0009342370573596954,0.0021435619950808523,0.004269641693819237
0.0008448338978642464,0.0005171099037938118,0.0008983874563293457,0.0020511812508620265,0.004104653624582958
0.0008185968779677391,0.0005010587380342484,0.0008391049150543213,0.001987432274273777,0.0038319622570163725
0.0006925573036724567,0.00042395566711950303,0.0012089922670440673,0.0016820883729077817,0.005516450580347252
0.0007648461223298549,0.00046804651181030275,0.0010055282060222625,0.0018556364350534916,0.004590385537732315
0.0007246892817968369,0.0004436563135199547,0.0007864197585897446,0.001760018201223755,0.003593993250418377
0.00062795371494236,0.000384559682857275,0.0008538715932683945,0.0015262003887958767,0.003904417926955891
0.0009252805405014991,0.000566174346309185,0.0016415564958171844,0.002245262081227446,0.0074908044540769585
0.000827623990243101,0.0005064730227999687,0.0012907780949192047,0.0020081415683545116,0.005893641176212501
0.0007323379308635234,0.0004482984126620293,0.000804471293480873,0.001777712458423519,0.003673084887254906
0.0007211262986713886,0.00044152619252729416,0.0007317545954303741,0.001751661904952669,0.003345067528773022
0.0007672844082767009,0.00046964454958963397,0.0007278971094803811,0.0018626161665238382,0.003323765515673828
0.0007330657147521019,0.00044882352213191984,0.0007333887983279228,0.0017806600235916615,0.0033515497738010407
0.000735045389151001,0.00044989448348808285,0.000788288274796486,0.0017841649175204277,0.0035969243773705485
0.0009610964887494086,0.0005882564143352509,0.0006703428495841026,0.00233327525114193,0.003066363247621727
0.001152540049766922,0.0007058183507137299,0.0007894437704401016,0.002801870995811367,0.0036154857316500664
0.0008670662992352484,0.000530829224091053,0.0009385080281810761,0.0021059872553266523,0.0042900424027330405
0.0008480717056149484,0.0005191576362662316,0.0009633619133548736,0.0020591571875430586,0.004402749725568962
0.0008673231319242954,0.0005309226543717384,0.0017187274042682649,0.002105885382793093,0.007846260043371392
0.0008373935625607014,0.0005124336511902809,0.000922755951078415,0.0020312666334725855,0.004216907131064606
0.0011739218913668632,0.0007182321057729722,0.0009414652083234786,0.00284659986501112,0.0042982682579643244
0.0015977589138502122,0.0009774103418998719,0.0013192786220626832,0.0038716324314989094,0.006017133935678673
0.000877473335033083,0.0005369892523698807,0.001835227007062912,0.002130105156502867,0.008372619237888528
0.000894249054854536,0.0005470800579600334,0.0014937999490814207,0.0021687687531627654,0.006810356336224746
0.000738950341259861,0.0004522978545241356,0.001798056060464859,0.001792945106378937,0.008206752728808595
0.0007748968050533771,0.00047425998310375215,0.0017919242624359131,0.001879241781733179,0.008179133420575333
0.0008397291884476184,0.0005139239982776642,0.0019984246734695435,0.0020339616895236013,0.009125569366801452
0.0007569432326311111,0.00046328185806798934,0.001909399474056244,0.001834928559563303,0.008718902551520538
0.0008920153223628043,0.0005459091396145821,0.0020784998778419495,0.0021594594300307275,0.009492132126677703
0.000868839594786787,0.0005316929848008156,0.002315126145275116,0.0021006207272924425,0.01056897321282692
0.0007993511833900451,0.000489222730796814,0.0021824020389633178,0.0019344412677504063,0.009963870858538818
0.0008194541916901111,0.0005015332878642082,0.002028850758464813,0.00198502510344162,0.009263459312308502
0.0008367299959713458,0.0005120607794337273,0.001991757059486389,0.002027160257152462,0.009090012865651321
0.0008920608476454257,0.0005458757684640884,0.0019773274902420046,0.0021613655724145413,0.0090195825272686
0.0008946759410852431,0.0005474760414175987,0.0020091313366012572,0.002167434834740305,0.009163527440417481
0.0008864169538671017,0.0005423320115618706,0.0017179623488502503,0.0021493535683073045,0.007831562354553413
0.0009349301115328312,0.0005718578354530334,0.0014491685275154114,0.0022666287147022728,0.00660678938566513
0.000994976572012329,0.0006085135296993256,0.0010002754125909806,0.0024104591668166163,0.004556917040932846
0.0008054006428176402,0.0004927569211535454,0.0011617319230155946,0.001952951480499649,0.005291102077949715
0.0009601567768210411,0.0005872005627565384,0.0008787821624593735,0.002326086011580372,0.0040025016659385685
0.000992032068287754,0.0006069822118692398,0.0007520667854862212,0.0024065302029766082,0.0034312583395726204
0.000939553391998434,0.0005750389353446961,0.0006290256325321197,0.002280762664280081,0.0028755162203199388
0.0009108670607859135,0.0005575019822530746,0.0006477696467356681,0.0022115904160357955,0.0029610248775667667
0.0008989586033576965,0.0005500844002776146,0.000594655090959549,0.0021811794698752404,0.002717735216159296
0.0009026023418361186,0.0005524392680339813,0.0005400811340825558,0.0021911729969598297,0.0024710689303911446
0.0007833582647794723,0.0004799506471567154,0.0004868999477641582,0.001906698513082409,0.002231337634239268
0.0007277714200967789,0.00044607394496726986,0.00046457068064975735,0.0017730943255640508,0.00212891214559592
0.000679966478114748,0.0004170274988822937,0.00044503510745036597,0.0016591392130173685,0.002039483784835708
0.0007183829531723499,0.0004404784769825935,0.00044896535949575896,0.0017515867196537496,0.0020578077429420473
0.0006946475968414783,0.000426123450797081,0.00043677965367007254,0.0016957494885243415,0.0020017142654842855
0.0006984311968738078,0.00042843790660429,0.0004389031138436794,0.0017049360149122717,0.0020117396924159646
0.0006341520716154814,0.00038820339674878123,0.00039693705366718765,0.0015399439599879028,0.001810795589348224
0.0006311185435110569,0.00038684474612402916,0.0004141659243198037,0.0015381912470377923,0.001892820911340338
0.0006297115311676503,0.00038629660318422317,0.00042821735517847533,0.0015374400146819594,0.001960982767630291
0.0006633119643384457,0.0004067311019711494,0.0004664419517086744,0.0016173638493336678,0.0021385258102304457
0.0007391142979914188,0.000452813799779892,0.0004949342366473674,0.0017980598345912935,0.0022674685509390356
0.0007881349877172947,0.0004827252806239128,0.0005058151204304695,0.0019162792303182125,0.0023164708161241532
0.000753442933475399,0.0004615348235778809,0.0005106232483105659,0.0018326575734235288,0.00233822123571105
0.0007532234483117104,0.00046142588118839266,0.0005053297076539993,0.001832350803218031,0.002314366837356162
0.0007727363072985648,0.00047337615052986143,0.0005030795019285679,0.00187980930661335,0.0023043236752486942
0.000712466163253212,0.000437156136434555,0.00046482047254014017,0.0017404137231923581,0.0021342477796114207
0.0007088237390572071,0.00043514123867082594,0.0004450665507631302,0.0017337520219899655,0.002043516202408743
0.0007749035224968433,0.0004754688547067642,0.0004538523610846996,0.0018927306272603513,0.0020838262155166982
0.0007654524446183682,0.0004695851163082123,0.0004605147391723394,0.0018688847408212662,0.0021139483781046392
0.0007853688248151779,0.0004817851216607094,0.0004588433541523218,0.0019172904193915368,0.0021063123259208324
0.0008007346481734752,0.0004911808774881363,0.0004584363736377954,0.001954585696808243,0.002104207785751593
0.0008367574498707295,0.0005131037117056846,0.0004697605427520275,0.002040731203607464,0.0021560647507644416
0.00088361665612998,0.0005410785705857277,0.0005510606449263095,0.0021475361764945033,0.0025234541484601023
0.0007918746688121796,0.00048594829003143305,0.00046349151620435716,0.0019353247836746217,0.0021294997540748832
0.0008494376831406593,0.0005199878470115662,0.0005833825487809181,0.0020629160978414057,0.0026678396084792136
0.0006877261110300064,0.00042105834494161605,0.0006094939205961228,0.001670599651388073,0.002784159191090536
0.0008360720515901089,0.0005116303519420624,0.0006038170699195862,0.002028497899375105,0.002758421597767544
0.0010540224619859696,0.0006451396749429703,0.0007680922243909836,0.0025597250372685434,0.003513369906831455
0.0009381606907302379,0.0005740969658904075,0.0008839862737970352,0.0022767485850073337,0.004033087622512054
0.0010002063207978247,0.0006121802435331345,0.0008947916869239807,0.0024284836009658816,0.004091818563032818
0.0009714117803329468,0.0005945265696458816,0.000876863131316185,0.0023581926167525295,0.004006311028588486
0.0009890098758691787,0.0006052560762577056,0.0009279669020490646,0.002400291064433003,0.004238453506816101
0.0010815333866232872,0.0006616959677152634,0.0012817352060394286,0.0026226833269514084,0.005851320504534912
0.0008419704050475598,0.0005156443224363327,0.002212572956474304,0.002042110516927385,0.010109751891482544
0.0007754509576314926,0.0004746347100548744,0.001437138194234848,0.001881836561164999,0.006566487308729363
0.0006795009665841103,0.00041596816043186187,0.0010768336597995758,0.0016494544067002775,0.004917935197938156
0.0008121451385969162,0.0004970389113836288,0.0018805392626838682,0.001969565658322716,0.00857789243995018
0.0009648707427734374,0.0005905317769460679,0.0010864808503704072,0.002341235140017414,0.004967886231232357
0.0009639448308104515,0.0005898699865751266,0.001020803252251625,0.0023383555785335543,0.004659857819367123
0.000831229395484352,0.0005088247389607429,0.0007136951256709099,0.002018426349810505,0.0032613074833042145
0.0009544512578004837,0.000584005336564064,0.0011539882961826326,0.0023156445645309926,0.005268143420804215
0.0009311250083798408,0.0005696350441389084,0.0013857505563812256,0.0022584624209023955,0.006323486309636308
0.0010606181882971764,0.0006487904743366241,0.0012909135464744567,0.0025719444215811732,0.0058949428105241775
0.0011156723105067252,0.0006824055717401504,0.0013559293989257814,0.0027050179675735474,0.006188609557736587
0.0010701738976592063,0.0006547360376529693,0.0015016228798942566,0.002595753867975617,0.006850126408923339
0.0011356724762076377,0.0006949347958974838,0.001180712128074646,0.002754887454263115,0.005391096418488693
0.0011244570471996306,0.0006878931031637192,0.0017218887452201842,0.00272722458397522,0.00785540047227211
0.001148433720385456,0.0007027235732488632,0.001974891508014679,0.002784331187657261,0.00900261310278244
0.0008033402860814572,0.0004917186380438805,0.0019368606452064515,0.0019484878853477479,0.008839962708342744
0.0011306180380934714,0.0006913156018667221,0.002250012302787781,0.002731565471044922,0.010260427903521729
0.0009544179261380672,0.000583008404176712,0.0027977508548812867,0.002287218315205717,0.012759903030980301
0.0009773344480151177,0.0005977133468799592,0.0017187831942157747,0.0023660235912121774,0.007833177148688508
0.0008486294359618663,0.000519145298104763,0.0016887457613067626,0.0020573857225991725,0.007692147439110947
0.0007007480942362785,0.0004287583635263443,0.0015438690129833221,0.0016998353839434623,0.007038599627602768
0.0006582151771241664,0.00040271675149726867,0.0017726044003086089,0.0015956673048950674,0.008085164650667382
0.0006349071086102962,0.00038847640092301366,0.0016097871605472566,0.0015399710462011339,0.007339131801713181
0.0007353802025968075,0.00044997383217144015,0.0012737223748283386,0.0017839332439519406,0.005809018614280891
0.0006478812300318717,0.00039655201817679405,0.0010572865698652268,0.001572261979482317,0.004823046546567154
0.0007268588334971905,0.0004448609159402847,0.0008930056039409637,0.0017636204459287167,0.0040749440663940435
0.0007992767804020881,0.0004891050712280274,0.0007874836120920182,0.001939122971198702,0.003592574640501213
0.0008227020025903225,0.0005035236434154511,0.0007816361282186508,0.001996999160251761,0.0035692991489059446
0.0009609331526512146,0.0005879908309392929,0.0008701515291051864,0.0023312135071076392,0.003969947538662625
0.0008812408716136456,0.0005393332348279953,0.0007637395803050995,0.002139173230580235,0.0034882746586091043
0.0008943336800390719,0.0005472832352929115,0.0008564956430511475,0.0021702795520938878,0.003908309152115059
0.0008775591649765014,0.0005370570675544739,0.0008968937788324356,0.0021296934105969906,0.004093074060369206
0.0010914979838484763,0.0006675598130636215,0.0013814851287918093,0.0026452564716853144,0.0062977798485643385
0.0009229464479440688,0.0005646287233643532,0.0017462535742836,0.002237850832245493,0.007957534261930656
0.0012829774685853958,0.0007849559889249801,0.0016260341946201322,0.0031110909298576357,0.007413168173421096
0.001622927276110077,0.0009931281761341095,0.0014744529072360994,0.003936129359952354,0.006729975517976952
0.0017201079466098786,0.0010521658317260742,0.002082849705608368,0.004161059303633118,0.009496215044844818
0.001926786158298874,0.001178485985200882,0.0022839962486343383,0.004650685475818062,0.010411022257197571
0.0017844908454174042,0.0010916420475654601,0.0023909398559646606,0.004303711704961205,0.010903587138045501
0.001417443674122715,0.0008675626621656419,0.002278022611530304,0.003424744136682892,0.010401353906977844
0.0011627355226034165,0.0007116621241979599,0.0021634617094116212,0.002813692465475941,0.009878826939452362
0.0014313546233529091,0.0008758486316614152,0.0021176910642700195,0.0034623355448760037,0.009664066260445785
0.0014757302739376067,0.0009029947326593399,0.002245840573699951,0.003566601595333958,0.010249752705681991
0.0012222801097387314,0.0007480794147663117,0.002022010589035034,0.0029605862752117157,0.009225633525241089
0.0010941122376078606,0.0006694308326654434,0.0017408413235263822,0.0026527648941196444,0.007935503243792726
0.0010937514670843124,0.0006691161201410294,0.002070178234966278,0.0026479241312064175,0.009442719834435655
0.0010621136226409912,0.0006500075713806152,0.0022839519027786255,0.0025674274519599917,0.0104197988980896
0.001073010630225563,0.0006564475999288559,0.0022055732850151063,0.0025976239249624255,0.010053337394583892
0.0011261775158995628,0.0006889245913438797,0.0015987498704509735,0.0027305368155755043,0.007290568348158074
0.0009484080047065257,0.000580298255484581,0.0014657966140823363,0.0023007903256036283,0.006686267878997993
0.0008816481166237832,0.000539504940908432,0.0016678324882106782,0.0021389564522124767,0.007609230720389557
0.0008969764099174976,0.0005486602366976738,0.002021566772850037,0.0021714454561985973,0.009211567872155381
0.0008583469480926036,0.0005250682414584159,0.0018221887890415194,0.0020799494691707138,0.008298665749419403
0.0008192118526154995,0.0005011288330965042,0.0018537904862480164,0.001984997884235525,0.008443037327516747
0.0008181022696846963,0.000500448893111229,0.001790810341032028,0.001982714840076113,0.008156103312361909
0.0008559263319427013,0.0005236002684645653,0.001885364377887726,0.0020736808948732853,0.008588508027184678
0.0008717175812179088,0.0005332259343080521,0.0018822785858230591,0.002111793812415743,0.008572299658644866
0.0009204975747221947,0.0005630431578569412,0.0011827123407440185,0.0022305927023805617,0.005390692617881966
0.001030496587669277,0.0006302108571939469,0.0007998422924594879,0.002496718338183308,0.003644139038909149
0.0010225954138392448,0.0006253326789550782,0.000852715427072525,0.002477580487779522,0.0038776574605590823
0.0009287369207197666,0.0005683373020105362,0.0007527796719388961,0.0022536535762764454,0.0034335476317889214
0.0007648730651194095,0.0004682584063224793,0.0006939582694487571,0.0018580444038428308,0.003172300581771803
0.0008894708716029166,0.0005442609221749306,0.0006401864160017966,0.0021578566000379565,0.002923565430331898
0.0008331935905570029,0.0005099812627844811,0.0006401383821086884,0.0020231342085219864,0.0029260439658052445
0.0008075084962600708,0.0004941817999892235,0.000686778174729824,0.001959959583780909,0.0031358602309114456
0.0007940469220930576,0.00048587126592922214,0.0006531343553380966,0.0019264175423003675,0.0029814752960092544
0.0007918049388283729,0.00048448825190591815,0.0005824807454066276,0.0019207784675575733,0.0026606542849428177
0.0007800094366723538,0.00047735520760345455,0.000550063567252636,0.001893085274896765,0.0025146747005618335
0.0006832198382073879,0.0004186053753905296,0.0004967180844562053,0.0016628429756082536,0.0022755421643591645
0.0005299488615894556,0.00032411421398448944,0.00039009958740118144,0.0012845342241741657,0.0017790518894306542
0.0007014823765212536,0.0004300036684684753,0.0004174096482040286,0.0017098469980575087,0.001909792249694389
0.0006997235015684605,0.0004286035777144432,0.0005021594595329762,0.0017022281915463448,0.00229906875542171
0.0003838757260421157,0.00023491418762880563,0.00044247396664488315,0.0009325801698073686,0.0020178180602825405
0.0006687528014832974,0.0004103378237299919,0.0004152438566254377,0.0016341973767198563,0.0019037419901675701
0.0005247344278449058,0.0003217217729501724,0.00046409115755724907,0.0012799695544458867,0.0021268782143927336
0.0003790265669764817,0.00023198782634738086,0.00047609879264402387,0.0009212593905676097,0.0021732277566082
0.0005110000853145361,0.0003128932819776535,0.0006149972323493957,0.0012437249649830105,0.002842086409170103
0.0007840031028443814,0.0004799833924584389,0.0005733257625417709,0.0019033424824990274,0.002624297940123749
0.0007178406291359901,0.0004399072782211304,0.0005223400760607719,0.001747658819756651,0.0023947184627390625
0.0006967284344786644,0.00042675035009908676,0.0005389711130576134,0.0016940903582192898,0.0024674475350863457
0.0007321138457113743,0.00044825623492527006,0.0005352985654191971,0.0017784971163190841,0.002449132074553442
0.0006597452939206599,0.0004042761654667854,0.0005316004809157848,0.0016058808021761418,0.0024356523202247143
0.0006568551138693333,0.0004034536884241104,0.0004444381091909408,0.0016087316372014524,0.002043637158859444
0.0006321646575534582,0.0003879320913069248,0.00046587484331595897,0.0015446269047029258,0.002140114575762224
0.0005560880587154865,0.0003409418457262516,0.0004944392685012817,0.0013555390254177094,0.0022679506415016174
0.0005166904353255271,0.0003170666092150211,0.0004443257805125713,0.0012627684347845554,0.0020424370105824588
0.0005725831062251568,0.0003515183881931305,0.00044950067812371254,0.0014007041555412054,0.002066818156417382
0.0005956934299969911,0.00036494211788105967,0.0006032006535844803,0.0014494456854231598,0.0027659594812876704
0.0007841086835319042,0.00047983792732286454,0.0006418883223252296,0.0019024341412402631,0.0029338662245757103
0.0009641781159395219,0.000590065340798378,0.0007163301948623657,0.002340530632487679,0.0032751728692538263
0.000912537221675539,0.0005584703267626762,0.0009440115187482834,0.0022157838583506586,0.004314900229263973
0.0011530244358533858,0.0007051269219331742,0.0011513751093463896,0.0027943499833859445,0.005256948059189987
0.0008579945378655433,0.0005252249271683693,0.0021879289988594054,0.0020807126708842754,0.009978070431340408
0.00209769193909111,0.0012839926437549591,0.0010402170363979341,0.005088345129839325,0.004764056953180504
0.00089501787356081,0.0005479121909551621,0.001930922055633545,0.0021740263157106875,0.008816734170306397
0.0008752899833673476,0.0005354825885109902,0.0013594496194438933,0.0021219153672970776,0.006202192609894944
0.0010222248592132567,0.0006253316954784393,0.0010425413940267562,0.0024779216588057523,0.004760211456704808
0.0012088904925340652,0.000739672343533516,0.0011791446451263428,0.002931649510613823,0.005387921541321945
0.001039760088240528,0.0006362001405172349,0.0013541538659648895,0.002521841754070664,0.00617938706218071
0.0010805632271522522,0.0006612143323831559,0.001016852805407524,0.0026203839690007212,0.0046346196690089225
0.0012936075308078766,0.0007910858200006485,0.0015975533370094297,0.00313325977628603,0.0072726410710699085
0.0014977670662755013,0.0009160134152584077,0.0015442667845802305,0.0036293064892806057,0.007038892372835351
0.0014657511465901375,0.0008965079442672729,0.0021066530589179994,0.003549762570909405,0.009605691146243286
0.0013467219912165643,0.0008238965676240921,0.0016367333475666044,0.0032656791747130397,0.00747088103829689
0.0012142978154772758,0.000742817501824379,0.0015511875096874237,0.0029443923548377994,0.007078608959305954
0.0011558310859555243,0.000707070584695816,0.0014761613849716185,0.0028026498020209314,0.006736866667259407
0.0011530165501588822,0.0007053699300699234,0.0014222311023788453,0.002795893941871071,0.006492270880330277
0.0011728319861644743,0.0007173967764787674,0.0010903780553655623,0.0028428393587984087,0.004983718154717159
0.0009937762670868874,0.0006079715893678665,0.0012043271009044647,0.0024096945465125084,0.005499311714757156
0.001070094821667099,0.0006548203931264877,0.0018286687378005983,0.0025943804950036052,0.008345086895812226
0.0010682064168805122,0.0006536991850547791,0.0019225730542259218,0.002588211399368191,0.008773471569407654
0.0010182644151801108,0.0006231620119028092,0.002050340974720001,0.002465841119042778,0.009359028177846146
0.0008976121575290203,0.0005488724217824936,0.0025539039019660953,0.0021620792121209145,0.011653584908831787
0.0010186448999399186,0.0006232295141630173,0.001733148926885605,0.0024691272840417864,0.007899068506944848
0.0010634191431755065,0.0006505151794366837,0.0011002031658010484,0.0025777771339334492,0.005021367559719754
0.000977981513058567,0.0005982457206659317,0.0012841064576225281,0.0023709776640452387,0.00585658011971779
0.0008395819523090362,0.0005137857304029465,0.0011854370180683135,0.0020367826454855444,0.005408063393223953
0.0007438341782146931,0.0004553361491374969,0.0008844676856117248,0.0018058321148671152,0.004038377451289368
0.0008315471597665786,0.0005088764832429886,0.0009768985305147171,0.002017634953609848,0.004459801770139408
0.0007300526127869129,0.0004468795464448929,0.0009068673048334122,0.0017722965457059384,0.0041409130000955585
0.0007020628877634048,0.0004297756359987259,0.0009086065832691193,0.0017044892475522996,0.004148621753740978
0.0007042751536423206,0.000431140478055954,0.0008557954970912934,0.0017098918609835148,0.003907368447769356
0.0010157632627243042,0.0006217465207986832,0.0007262184266166687,0.0024655169711030964,0.003317341146010828
0.0007961448088938236,0.00048732035170125966,0.0009413129482584,0.0019329019196845532,0.004293091934312057
0.0009034198985153675,0.0005528985739760399,0.0010237148348407744,0.002191908713481569,0.004671162194896412
0.000925223734294796,0.0005661393211297989,0.0012166503314094542,0.0022442045219756603,0.005551959719646645
0.0008985982344204425,0.0005499806881957054,0.0005886259991841317,0.0021811218396343233,0.0026924576656407835
0.0009456406735533715,0.0005788267285637855,0.0008059675637798309,0.0022967343979097845,0.003689489440012646
0.0010113927625769615,0.0006191256002597809,0.000737337188811779,0.002456771183065319,0.003373872516442013
0.0010105771043056487,0.0006184356466941833,0.001007740268500328,0.0024517963633455277,0.0045956767955309865
0.0010459448092335702,0.0006400828615837097,0.0010518250558691025,0.0025374808282174113,0.004800375939298344
0.001073423972045803,0.0006569857404642105,0.0008658004496412277,0.0026058604389943125,0.0039582955026514054
0.0009183525928014755,0.0005618819178156853,0.0013398091439323426,0.002227694344571972,0.0061139129781610495
0.0010963765271657943,0.000670692856710434,0.0012892921511249542,0.0026577668443836214,0.005883898516882133
0.0008215082325691223,0.0005025694028549195,0.0012394532207565308,0.001991585818729544,0.005641458919037057
0.0009783022709840775,0.0005980147824697495,0.001219754183681488,0.002367242869786167,0.0055413919025547025
0.0011768880807513237,0.0007196968601160049,0.0012716967705802917,0.0028508793980397224,0.005793578650940132
0.0011369032286757468,0.0006953843788318634,0.0012658251468257904,0.002755641789785767,0.0057772314631826405
0.0011656969659680366,0.0007131387249641419,0.0014300762955265045,0.0028265432999052048,0.006526464503396225
0.0012316689782494545,0.0007536636845283509,0.0017060983125286103,0.0029868163690485003,0.007780808415401649
0.0012012604259604453,0.0007349535332136154,0.0021313839201049806,0.0029050330281771663,0.009726732521641922
0.0009752535008543967,0.0005967411802225113,0.002091825628669739,0.002360416612080479,0.009552463775265883
0.0008917677991742135,0.0005456498594098091,0.0020361036304550172,0.0021584087864078526,0.009293865620482636
0.000908485398506546,0.0005559285984449387,0.0018926390651779175,0.002201307673803711,0.008637191110242082
0.0010152887337559699,0.0006211183474473953,0.0020114015583114625,0.0024576088607825277,0.009171200876820756
0.001090517748212242,0.0006671055809669494,0.001956312382610321,0.0026411218122161864,0.008913678162682724
0.0010719478868597985,0.000655751700799942,0.0019277039412574767,0.0025968674615539553,0.008782189416278076
0.0010463028781765938,0.0006400499151163102,0.0018413128499107363,0.0025356629044331553,0.008387980400908662
0.001071789077734375,0.0006552787379436492,0.0021435736660079955,0.002591942647150898,0.009766693674910737
0.000991697583412552,0.0006067738936357498,0.001580542052181244,0.002405690220049763,0.007206661521781158
0.0009147789493853093,0.0005597633973770141,0.001732064509780884,0.002219313666275883,0.007900551422823143
0.0008060666554326058,0.000493189628522873,0.0017161947731094362,0.0019546496220447067,0.007824701010573578
0.0009026937209719657,0.0005522442267351151,0.0016283519808368684,0.002188792690686131,0.007423701694000435
0.0008871665694469451,0.0005427396402769088,0.00170037573018837,0.0021506592922426702,0.007750513570893479
0.0011445469491833686,0.0006999641613178254,0.0017675909940319061,0.0027719399765647893,0.00805905030607052
0.0009659584575051308,0.0005911151127033234,0.001299858355911255,0.0023427173898138047,0.005929420604694558
0.0011848458417409898,0.0007248857275657654,0.0013465291503982544,0.0028725368425764086,0.0061410325372106556
0.0009698333271497726,0.0005931644545011521,0.000993808874876976,0.0023494668663062096,0.004527815837550831
